warning[duplicate]: found 3 duplicate entries for crate 'darling'
   ┌─ /tmp/wt-prodready/Cargo.lock:61:1
   │  
61 │ ╭ darling 0.20.11 registry+https://github.com/rust-lang/crates.io-index
62 │ │ darling 0.23.0 registry+https://github.com/rust-lang/crates.io-index
63 │ │ darling 0.24.1 registry+https://github.com/rust-lang/crates.io-index
   │ ╰────────────────────────────────────────────────────────────────────┘ lock entries
   │  
   ├ darling v0.20.11
     └── derive_builder_core v0.20.2
         └── derive_builder_macro v0.20.2
             └── derive_builder v0.20.2
                 └── oci-spec v0.10.0
                     ├── delonix-image v3.1.0
                     │   ├── delonix-cri v3.1.0
                     │   │   └── delonix-runtime-bin v3.1.0
                     │   ├── delonix-mgmt v0.1.0
                     │   │   ├── delonix-mcp v3.1.0
                     │   │   │   └── delonix-runtime-bin v3.1.0 (*)
                     │   │   └── delonix-runtime-bin v3.1.0 (*)
                     │   ├── delonix-runtime-bin v3.1.0 (*)
                     │   └── delonix-scan v3.1.0
                     │       ├── delonix-mgmt v0.1.0 (*)
                     │       └── delonix-runtime-bin v3.1.0 (*)
                     └── delonix-runtime-bin v3.1.0 (*)
   ├ darling v0.23.0
     └── instability v0.3.12
         └── ratatui v0.29.0
             └── delonix-runtime-bin v3.1.0
   ├ darling v0.24.1
     └── rmcp-macros v3.1.4
         └── rmcp v3.1.4
             └── delonix-mcp v3.1.0
                 └── delonix-runtime-bin v3.1.0

warning[duplicate]: found 3 duplicate entries for crate 'darling_core'
   ┌─ /tmp/wt-prodready/Cargo.lock:64:1
   │  
64 │ ╭ darling_core 0.20.11 registry+https://github.com/rust-lang/crates.io-index
65 │ │ darling_core 0.23.0 registry+https://github.com/rust-lang/crates.io-index
66 │ │ darling_core 0.24.1 registry+https://github.com/rust-lang/crates.io-index
   │ ╰─────────────────────────────────────────────────────────────────────────┘ lock entries
   │  
   ├ darling_core v0.20.11
     ├── darling v0.20.11
     │   └── derive_builder_core v0.20.2
     │       └── derive_builder_macro v0.20.2
     │           └── derive_builder v0.20.2
     │               └── oci-spec v0.10.0
     │                   ├── delonix-image v3.1.0
     │                   │   ├── delonix-cri v3.1.0
     │                   │   │   └── delonix-runtime-bin v3.1.0
     │                   │   ├── delonix-mgmt v0.1.0
     │                   │   │   ├── delonix-mcp v3.1.0
     │                   │   │   │   └── delonix-runtime-bin v3.1.0 (*)
     │                   │   │   └── delonix-runtime-bin v3.1.0 (*)
     │                   │   ├── delonix-runtime-bin v3.1.0 (*)
     │                   │   └── delonix-scan v3.1.0
     │                   │       ├── delonix-mgmt v0.1.0 (*)
     │                   │       └── delonix-runtime-bin v3.1.0 (*)
     │                   └── delonix-runtime-bin v3.1.0 (*)
     └── darling_macro v0.20.11
         └── darling v0.20.11 (*)
   ├ darling_core v0.23.0
     ├── darling v0.23.0
     │   └── instability v0.3.12
     │       └── ratatui v0.29.0
     │           └── delonix-runtime-bin v3.1.0
     └── darling_macro v0.23.0
         └── darling v0.23.0 (*)
   ├ darling_core v0.24.1
     ├── darling v0.24.1
     │   └── rmcp-macros v3.1.4
     │       └── rmcp v3.1.4
     │           └── delonix-mcp v3.1.0
     │               └── delonix-runtime-bin v3.1.0
     └── darling_macro v0.24.1
         └── darling v0.24.1 (*)

warning[duplicate]: found 3 duplicate entries for crate 'darling_macro'
   ┌─ /tmp/wt-prodready/Cargo.lock:67:1
   │  
67 │ ╭ darling_macro 0.20.11 registry+https://github.com/rust-lang/crates.io-index
68 │ │ darling_macro 0.23.0 registry+https://github.com/rust-lang/crates.io-index
69 │ │ darling_macro 0.24.1 registry+https://github.com/rust-lang/crates.io-index
   │ ╰──────────────────────────────────────────────────────────────────────────┘ lock entries
   │  
   ├ darling_macro v0.20.11
     └── darling v0.20.11
         └── derive_builder_core v0.20.2
             └── derive_builder_macro v0.20.2
                 └── derive_builder v0.20.2
                     └── oci-spec v0.10.0
                         ├── delonix-image v3.1.0
                         │   ├── delonix-cri v3.1.0
                         │   │   └── delonix-runtime-bin v3.1.0
                         │   ├── delonix-mgmt v0.1.0
                         │   │   ├── delonix-mcp v3.1.0
                         │   │   │   └── delonix-runtime-bin v3.1.0 (*)
                         │   │   └── delonix-runtime-bin v3.1.0 (*)
                         │   ├── delonix-runtime-bin v3.1.0 (*)
                         │   └── delonix-scan v3.1.0
                         │       ├── delonix-mgmt v0.1.0 (*)
                         │       └── delonix-runtime-bin v3.1.0 (*)
                         └── delonix-runtime-bin v3.1.0 (*)
   ├ darling_macro v0.23.0
     └── darling v0.23.0
         └── instability v0.3.12
             └── ratatui v0.29.0
                 └── delonix-runtime-bin v3.1.0
   ├ darling_macro v0.24.1
     └── darling v0.24.1
         └── rmcp-macros v3.1.4
             └── rmcp v3.1.4
                 └── delonix-mcp v3.1.0
                     └── delonix-runtime-bin v3.1.0

warning[wildcard]: found 4 wildcard dependencies for crate 'delonix-cri'
   ┌─ /tmp/wt-prodready/crates/delonix-cri/Cargo.toml:15:24
   │
15 │ delonix-runtime-core = { path = "../delonix-runtime-core" }
   │                        ━━━━━━━━━━━━━━━━━━━━━━━━━━━━━━━━━━━━ wildcard dependency
16 │ delonix-runtime = { path = "../delonix-runtime" }
   │                   ━━━━━━━━━━━━━━━━━━━━━━━━━━━━━━━ wildcard dependency
17 │ delonix-image = { path = "../delonix-image" }
   │                 ━━━━━━━━━━━━━━━━━━━━━━━━━━━━━ wildcard dependency
18 │ delonix-net = { path = "../delonix-net" }
   │               ━━━━━━━━━━━━━━━━━━━━━━━━━━━ wildcard dependency
   │
   ├ delonix-cri v3.1.0
     └── delonix-runtime-bin v3.1.0

warning[wildcard]: found 1 wildcard dependency for crate 'delonix-image'
  ┌─ /tmp/wt-prodready/crates/delonix-image/Cargo.toml:8:24
  │
8 │ delonix-runtime-core = { path = "../delonix-runtime-core" }
  │                        ━━━━━━━━━━━━━━━━━━━━━━━━━━━━━━━━━━━━ wildcard dependency
  │
  ├ delonix-image v3.1.0
    ├── delonix-cri v3.1.0
    │   └── delonix-runtime-bin v3.1.0
    ├── delonix-mgmt v0.1.0
    │   ├── delonix-mcp v3.1.0
    │   │   └── delonix-runtime-bin v3.1.0 (*)
    │   └── delonix-runtime-bin v3.1.0 (*)
    ├── delonix-runtime-bin v3.1.0 (*)
    └── delonix-scan v3.1.0
        ├── delonix-mgmt v0.1.0 (*)
        └── delonix-runtime-bin v3.1.0 (*)

warning[wildcard]: found 6 wildcard dependencies for crate 'delonix-mcp'
   ┌─ /tmp/wt-prodready/crates/delonix-mcp/Cargo.toml:13:24
   │
13 │ delonix-runtime-core = { path = "../delonix-runtime-core" }
   │                        ━━━━━━━━━━━━━━━━━━━━━━━━━━━━━━━━━━━━ wildcard dependency
14 │ delonix-vm = { path = "../delonix-vm" }
   │              ━━━━━━━━━━━━━━━━━━━━━━━━━━ wildcard dependency
15 │ delonix-volume = { path = "../delonix-volume" }
   │                  ━━━━━━━━━━━━━━━━━━━━━━━━━━━━━━ wildcard dependency
16 │ delonix-net = { path = "../delonix-net" }
   │               ━━━━━━━━━━━━━━━━━━━━━━━━━━━ wildcard dependency
   ·
19 │ delonix-mgmt = { path = "../delonix-mgmt" }
   │                ━━━━━━━━━━━━━━━━━━━━━━━━━━━━ wildcard dependency
   ·
23 │ delonix-runtime = { path = "../delonix-runtime" }
   │                   ━━━━━━━━━━━━━━━━━━━━━━━━━━━━━━━ wildcard dependency
   │
   ├ delonix-mcp v3.1.0
     └── delonix-runtime-bin v3.1.0

warning[wildcard]: found 7 wildcard dependencies for crate 'delonix-mgmt'
   ┌─ /tmp/wt-prodready/crates/delonix-mgmt/Cargo.toml:10:24
   │
10 │ delonix-runtime-core = { path = "../delonix-runtime-core" }
   │                        ━━━━━━━━━━━━━━━━━━━━━━━━━━━━━━━━━━━━ wildcard dependency
11 │ delonix-runtime = { path = "../delonix-runtime" }
   │                   ━━━━━━━━━━━━━━━━━━━━━━━━━━━━━━━ wildcard dependency
12 │ delonix-volume = { path = "../delonix-volume" }
   │                  ━━━━━━━━━━━━━━━━━━━━━━━━━━━━━━ wildcard dependency
13 │ delonix-image = { path = "../delonix-image" }
   │                 ━━━━━━━━━━━━━━━━━━━━━━━━━━━━━ wildcard dependency
14 │ delonix-scan = { path = "../delonix-scan" }
   │                ━━━━━━━━━━━━━━━━━━━━━━━━━━━━ wildcard dependency
15 │ delonix-vm = { path = "../delonix-vm" }
   │              ━━━━━━━━━━━━━━━━━━━━━━━━━━ wildcard dependency
16 │ delonix-net = { path = "../delonix-net" }
   │               ━━━━━━━━━━━━━━━━━━━━━━━━━━━ wildcard dependency
   │
   ├ delonix-mgmt v0.1.0
     ├── delonix-mcp v3.1.0
     │   └── delonix-runtime-bin v3.1.0
     └── delonix-runtime-bin v3.1.0 (*)

warning[wildcard]: found 2 wildcard dependencies for crate 'delonix-net'
  ┌─ /tmp/wt-prodready/crates/delonix-net/Cargo.toml:8:21
  │
8 │ delonix-net-rules = { path = "../delonix-net-rules" }
  │                     ━━━━━━━━━━━━━━━━━━━━━━━━━━━━━━━━━ wildcard dependency
9 │ delonix-runtime-core = { path = "../delonix-runtime-core" }
  │                        ━━━━━━━━━━━━━━━━━━━━━━━━━━━━━━━━━━━━ wildcard dependency
  │
  ├ delonix-net v3.1.0
    ├── delonix-cri v3.1.0
    │   └── delonix-runtime-bin v3.1.0
    ├── delonix-mcp v3.1.0
    │   └── delonix-runtime-bin v3.1.0 (*)
    ├── delonix-mgmt v0.1.0
    │   ├── delonix-mcp v3.1.0 (*)
    │   └── delonix-runtime-bin v3.1.0 (*)
    ├── delonix-runtime-bin v3.1.0 (*)
    └── delonix-vm v3.1.0
        ├── delonix-mcp v3.1.0 (*)
        ├── delonix-mgmt v0.1.0 (*)
        ├── delonix-proxmox v3.1.0
        │   └── delonix-runtime-bin v3.1.0 (*)
        └── delonix-runtime-bin v3.1.0 (*)

warning[wildcard]: found 2 wildcard dependencies for crate 'delonix-proxmox'
   ┌─ /tmp/wt-prodready/crates/delonix-proxmox/Cargo.toml:9:24
   │
 9 │ delonix-runtime-core = { path = "../delonix-runtime-core" }
   │                        ━━━━━━━━━━━━━━━━━━━━━━━━━━━━━━━━━━━━ wildcard dependency
10 │ delonix-vm = { path = "../delonix-vm" }
   │              ━━━━━━━━━━━━━━━━━━━━━━━━━━ wildcard dependency
   │
   ├ delonix-proxmox v3.1.0
     └── delonix-runtime-bin v3.1.0

warning[wildcard]: found 1 wildcard dependency for crate 'delonix-runtime'
  ┌─ /tmp/wt-prodready/crates/delonix-runtime/Cargo.toml:8:24
  │
8 │ delonix-runtime-core = { path = "../delonix-runtime-core" }
  │                        ━━━━━━━━━━━━━━━━━━━━━━━━━━━━━━━━━━━━ wildcard dependency
  │
  ├ delonix-runtime v3.1.0
    ├── delonix-cri v3.1.0
    │   └── delonix-runtime-bin v3.1.0
    ├── delonix-mcp v3.1.0
    │   └── delonix-runtime-bin v3.1.0 (*)
    ├── delonix-mgmt v0.1.0
    │   ├── delonix-mcp v3.1.0 (*)
    │   └── delonix-runtime-bin v3.1.0 (*)
    └── delonix-runtime-bin v3.1.0 (*)

warning[wildcard]: found 13 wildcard dependencies for crate 'delonix-runtime-bin'
   ┌─ /tmp/wt-prodready/crates/delonix-runtime-bin/Cargo.toml:15:24
   │
15 │ delonix-runtime-core = { path = "../delonix-runtime-core" }
   │                        ━━━━━━━━━━━━━━━━━━━━━━━━━━━━━━━━━━━━ wildcard dependency
16 │ delonix-runtime = { path = "../delonix-runtime" }
   │                   ━━━━━━━━━━━━━━━━━━━━━━━━━━━━━━━ wildcard dependency
17 │ delonix-image = { path = "../delonix-image" }
   │                 ━━━━━━━━━━━━━━━━━━━━━━━━━━━━━ wildcard dependency
18 │ delonix-vm = { path = "../delonix-vm" }
   │              ━━━━━━━━━━━━━━━━━━━━━━━━━━ wildcard dependency
19 │ delonix-volume = { path = "../delonix-volume" }
   │                  ━━━━━━━━━━━━━━━━━━━━━━━━━━━━━━ wildcard dependency
   ·
22 │ delonix-truenas = { path = "../delonix-truenas" }
   │                   ━━━━━━━━━━━━━━━━━━━━━━━━━━━━━━━ wildcard dependency
   ·
26 │ delonix-proxmox = { path = "../delonix-proxmox" }
   │                   ━━━━━━━━━━━━━━━━━━━━━━━━━━━━━━━ wildcard dependency
27 │ delonix-scan = { path = "../delonix-scan" }
   │                ━━━━━━━━━━━━━━━━━━━━━━━━━━━━ wildcard dependency
   ·
30 │ delonix-security-runtime = { path = "../delonix-security-runtime" }
   │                            ━━━━━━━━━━━━━━━━━━━━━━━━━━━━━━━━━━━━━━━━ wildcard dependency
31 │ delonix-cri = { path = "../delonix-cri" }
   │               ━━━━━━━━━━━━━━━━━━━━━━━━━━━ wildcard dependency
32 │ delonix-mgmt = { path = "../delonix-mgmt" }
   │                ━━━━━━━━━━━━━━━━━━━━━━━━━━━━ wildcard dependency
   ·
36 │ delonix-mcp = { path = "../delonix-mcp" }
   │               ━━━━━━━━━━━━━━━━━━━━━━━━━━━ wildcard dependency
   ·
55 │ delonix-net = { path = "../delonix-net" }
   │               ━━━━━━━━━━━━━━━━━━━━━━━━━━━ wildcard dependency
   │
   ├ delonix-runtime-bin v3.1.0

warning[wildcard]: found 2 wildcard dependencies for crate 'delonix-scan'
  ┌─ /tmp/wt-prodready/crates/delonix-scan/Cargo.toml:8:24
  │
8 │ delonix-runtime-core = { path = "../delonix-runtime-core" }
  │                        ━━━━━━━━━━━━━━━━━━━━━━━━━━━━━━━━━━━━ wildcard dependency
9 │ delonix-image = { path = "../delonix-image" }
  │                 ━━━━━━━━━━━━━━━━━━━━━━━━━━━━━ wildcard dependency
  │
  ├ delonix-scan v3.1.0
    ├── delonix-mgmt v0.1.0
    │   ├── delonix-mcp v3.1.0
    │   │   └── delonix-runtime-bin v3.1.0
    │   └── delonix-runtime-bin v3.1.0 (*)
    └── delonix-runtime-bin v3.1.0 (*)

warning[wildcard]: found 1 wildcard dependency for crate 'delonix-security-runtime'
   ┌─ /tmp/wt-prodready/crates/delonix-security-runtime/Cargo.toml:12:24
   │
12 │ delonix-runtime-core = { path = "../delonix-runtime-core" }
   │                        ━━━━━━━━━━━━━━━━━━━━━━━━━━━━━━━━━━━━ wildcard dependency
   │
   ├ delonix-security-runtime v3.1.0
     └── delonix-runtime-bin v3.1.0

warning[wildcard]: found 1 wildcard dependency for crate 'delonix-truenas'
  ┌─ /tmp/wt-prodready/crates/delonix-truenas/Cargo.toml:9:24
  │
9 │ delonix-runtime-core = { path = "../delonix-runtime-core" }
  │                        ━━━━━━━━━━━━━━━━━━━━━━━━━━━━━━━━━━━━ wildcard dependency
  │
  ├ delonix-truenas v3.1.0
    └── delonix-runtime-bin v3.1.0

warning[wildcard]: found 2 wildcard dependencies for crate 'delonix-vm'
  ┌─ /tmp/wt-prodready/crates/delonix-vm/Cargo.toml:8:24
  │
8 │ delonix-runtime-core = { path = "../delonix-runtime-core" }
  │                        ━━━━━━━━━━━━━━━━━━━━━━━━━━━━━━━━━━━━ wildcard dependency
9 │ delonix-net = { path = "../delonix-net" }
  │               ━━━━━━━━━━━━━━━━━━━━━━━━━━━ wildcard dependency
  │
  ├ delonix-vm v3.1.0
    ├── delonix-mcp v3.1.0
    │   └── delonix-runtime-bin v3.1.0
    ├── delonix-mgmt v0.1.0
    │   ├── delonix-mcp v3.1.0 (*)
    │   └── delonix-runtime-bin v3.1.0 (*)
    ├── delonix-proxmox v3.1.0
    │   └── delonix-runtime-bin v3.1.0 (*)
    └── delonix-runtime-bin v3.1.0 (*)

warning[wildcard]: found 1 wildcard dependency for crate 'delonix-volume'
  ┌─ /tmp/wt-prodready/crates/delonix-volume/Cargo.toml:8:24
  │
8 │ delonix-runtime-core = { path = "../delonix-runtime-core" }
  │                        ━━━━━━━━━━━━━━━━━━━━━━━━━━━━━━━━━━━━ wildcard dependency
  │
  ├ delonix-volume v3.1.0
    ├── delonix-mcp v3.1.0
    │   └── delonix-runtime-bin v3.1.0
    ├── delonix-mgmt v0.1.0
    │   ├── delonix-mcp v3.1.0 (*)
    │   └── delonix-runtime-bin v3.1.0 (*)
    └── delonix-runtime-bin v3.1.0 (*)

warning[duplicate]: found 3 duplicate entries for crate 'getrandom'
    ┌─ /tmp/wt-prodready/Cargo.lock:115:1
    │  
115 │ ╭ getrandom 0.2.17 registry+https://github.com/rust-lang/crates.io-index
116 │ │ getrandom 0.3.4 registry+https://github.com/rust-lang/crates.io-index
117 │ │ getrandom 0.4.3 registry+https://github.com/rust-lang/crates.io-index
    │ ╰─────────────────────────────────────────────────────────────────────┘ lock entries
    │  
    ├ getrandom v0.2.17
      ├── delonix-runtime-core v3.1.0
      │   ├── delonix-cri v3.1.0
      │   │   └── delonix-runtime-bin v3.1.0
      │   ├── delonix-image v3.1.0
      │   │   ├── delonix-cri v3.1.0 (*)
      │   │   ├── delonix-mgmt v0.1.0
      │   │   │   ├── delonix-mcp v3.1.0
      │   │   │   │   └── delonix-runtime-bin v3.1.0 (*)
      │   │   │   └── delonix-runtime-bin v3.1.0 (*)
      │   │   ├── delonix-runtime-bin v3.1.0 (*)
      │   │   └── delonix-scan v3.1.0
      │   │       ├── delonix-mgmt v0.1.0 (*)
      │   │       └── delonix-runtime-bin v3.1.0 (*)
      │   ├── delonix-mcp v3.1.0 (*)
      │   ├── delonix-mgmt v0.1.0 (*)
      │   ├── delonix-net v3.1.0
      │   │   ├── delonix-cri v3.1.0 (*)
      │   │   ├── delonix-mcp v3.1.0 (*)
      │   │   ├── delonix-mgmt v0.1.0 (*)
      │   │   ├── delonix-runtime-bin v3.1.0 (*)
      │   │   └── delonix-vm v3.1.0
      │   │       ├── delonix-mcp v3.1.0 (*)
      │   │       ├── delonix-mgmt v0.1.0 (*)
      │   │       ├── delonix-proxmox v3.1.0
      │   │       │   └── delonix-runtime-bin v3.1.0 (*)
      │   │       └── delonix-runtime-bin v3.1.0 (*)
      │   ├── delonix-proxmox v3.1.0 (*)
      │   ├── delonix-runtime v3.1.0
      │   │   ├── delonix-cri v3.1.0 (*)
      │   │   ├── delonix-mcp v3.1.0 (*)
      │   │   ├── delonix-mgmt v0.1.0 (*)
      │   │   └── delonix-runtime-bin v3.1.0 (*)
      │   ├── delonix-runtime-bin v3.1.0 (*)
      │   ├── delonix-scan v3.1.0 (*)
      │   ├── delonix-security-runtime v3.1.0
      │   │   └── delonix-runtime-bin v3.1.0 (*)
      │   ├── delonix-truenas v3.1.0
      │   │   └── delonix-runtime-bin v3.1.0 (*)
      │   ├── delonix-vm v3.1.0 (*)
      │   └── delonix-volume v3.1.0
      │       ├── delonix-mcp v3.1.0 (*)
      │       ├── delonix-mgmt v0.1.0 (*)
      │       └── delonix-runtime-bin v3.1.0 (*)
      ├── rand_core v0.6.4
      │   ├── crypto-common v0.1.7
      │   │   ├── aead v0.5.2
      │   │   │   └── chacha20poly1305 v0.10.1
      │   │   │       └── delonix-runtime-core v3.1.0 (*)
      │   │   ├── cipher v0.4.4
      │   │   │   ├── chacha20 v0.9.1
      │   │   │   │   └── chacha20poly1305 v0.10.1 (*)
      │   │   │   └── chacha20poly1305 v0.10.1 (*)
      │   │   ├── digest v0.10.7
      │   │   │   ├── sha1 v0.10.7
      │   │   │   │   ├── axum v0.7.9
      │   │   │   │   │   ├── delonix-cri v3.1.0 (*)
      │   │   │   │   │   ├── delonix-mgmt v0.1.0 (*)
      │   │   │   │   │   └── tonic v0.12.3
      │   │   │   │   │       └── delonix-cri v3.1.0 (*)
      │   │   │   │   └── tungstenite v0.24.0
      │   │   │   │       └── tokio-tungstenite v0.24.0
      │   │   │   │           └── axum v0.7.9 (*)
      │   │   │   └── sha2 v0.10.9
      │   │   │       ├── delonix-image v3.1.0 (*)
      │   │   │       ├── delonix-mcp v3.1.0 (*)
      │   │   │       └── delonix-runtime-bin v3.1.0 (*)
      │   │   └── universal-hash v0.5.1
      │   │       └── poly1305 v0.8.0
      │   │           └── chacha20poly1305 v0.10.1 (*)
      │   ├── rand v0.8.7
      │   │   ├── tower v0.4.13
      │   │   │   └── tonic v0.12.3 (*)
      │   │   └── tungstenite v0.24.0 (*)
      │   └── rand_chacha v0.3.1
      │       └── rand v0.8.7 (*)
      └── ring v0.17.14
          ├── delonix-image v3.1.0 (*)
          ├── rcgen v0.13.2
          │   └── delonix-runtime-bin v3.1.0 (*)
          ├── rustls v0.23.45
          │   ├── hyper-rustls v0.27.9
          │   │   └── reqwest v0.12.28
          │   │       ├── delonix-image v3.1.0 (*)
          │   │       ├── delonix-proxmox v3.1.0 (*)
          │   │       ├── delonix-runtime-bin v3.1.0 (*)
          │   │       └── delonix-truenas v3.1.0 (*)
          │   ├── reqwest v0.12.28 (*)
          │   └── tokio-rustls v0.26.4
          │       ├── delonix-runtime-bin v3.1.0 (*)
          │       ├── hyper-rustls v0.27.9 (*)
          │       └── reqwest v0.12.28 (*)
          └── rustls-webpki v0.103.15
              └── rustls v0.23.45 (*)
    ├ getrandom v0.3.4
      ├── rand_core v0.9.5
      │   ├── rand v0.9.5
      │   │   ├── opentelemetry_sdk v0.32.1
      │   │   │   ├── delonix-runtime-core v3.1.0
      │   │   │   │   ├── delonix-cri v3.1.0
      │   │   │   │   │   └── delonix-runtime-bin v3.1.0
      │   │   │   │   ├── delonix-image v3.1.0
      │   │   │   │   │   ├── delonix-cri v3.1.0 (*)
      │   │   │   │   │   ├── delonix-mgmt v0.1.0
      │   │   │   │   │   │   ├── delonix-mcp v3.1.0
      │   │   │   │   │   │   │   └── delonix-runtime-bin v3.1.0 (*)
      │   │   │   │   │   │   └── delonix-runtime-bin v3.1.0 (*)
      │   │   │   │   │   ├── delonix-runtime-bin v3.1.0 (*)
      │   │   │   │   │   └── delonix-scan v3.1.0
      │   │   │   │   │       ├── delonix-mgmt v0.1.0 (*)
      │   │   │   │   │       └── delonix-runtime-bin v3.1.0 (*)
      │   │   │   │   ├── delonix-mcp v3.1.0 (*)
      │   │   │   │   ├── delonix-mgmt v0.1.0 (*)
      │   │   │   │   ├── delonix-net v3.1.0
      │   │   │   │   │   ├── delonix-cri v3.1.0 (*)
      │   │   │   │   │   ├── delonix-mcp v3.1.0 (*)
      │   │   │   │   │   ├── delonix-mgmt v0.1.0 (*)
      │   │   │   │   │   ├── delonix-runtime-bin v3.1.0 (*)
      │   │   │   │   │   └── delonix-vm v3.1.0
      │   │   │   │   │       ├── delonix-mcp v3.1.0 (*)
      │   │   │   │   │       ├── delonix-mgmt v0.1.0 (*)
      │   │   │   │   │       ├── delonix-proxmox v3.1.0
      │   │   │   │   │       │   └── delonix-runtime-bin v3.1.0 (*)
      │   │   │   │   │       └── delonix-runtime-bin v3.1.0 (*)
      │   │   │   │   ├── delonix-proxmox v3.1.0 (*)
      │   │   │   │   ├── delonix-runtime v3.1.0
      │   │   │   │   │   ├── delonix-cri v3.1.0 (*)
      │   │   │   │   │   ├── delonix-mcp v3.1.0 (*)
      │   │   │   │   │   ├── delonix-mgmt v0.1.0 (*)
      │   │   │   │   │   └── delonix-runtime-bin v3.1.0 (*)
      │   │   │   │   ├── delonix-runtime-bin v3.1.0 (*)
      │   │   │   │   ├── delonix-scan v3.1.0 (*)
      │   │   │   │   ├── delonix-security-runtime v3.1.0
      │   │   │   │   │   └── delonix-runtime-bin v3.1.0 (*)
      │   │   │   │   ├── delonix-truenas v3.1.0
      │   │   │   │   │   └── delonix-runtime-bin v3.1.0 (*)
      │   │   │   │   ├── delonix-vm v3.1.0 (*)
      │   │   │   │   └── delonix-volume v3.1.0
      │   │   │   │       ├── delonix-mcp v3.1.0 (*)
      │   │   │   │       ├── delonix-mgmt v0.1.0 (*)
      │   │   │   │       └── delonix-runtime-bin v3.1.0 (*)
      │   │   │   ├── opentelemetry-otlp v0.32.0
      │   │   │   │   └── delonix-runtime-core v3.1.0 (*)
      │   │   │   └── opentelemetry-proto v0.32.0
      │   │   │       └── opentelemetry-otlp v0.32.0 (*)
      │   │   └── proptest v1.11.0
      │   │       ├── (dev) delonix-image v3.1.0 (*)
      │   │       └── (dev) delonix-net v3.1.0 (*)
      │   ├── rand_chacha v0.9.0
      │   │   ├── proptest v1.11.0 (*)
      │   │   └── rand v0.9.5 (*)
      │   └── rand_xorshift v0.4.0
      │       └── proptest v1.11.0 (*)
      └── tempfile v3.27.0
          ├── (dev) delonix-mcp v3.1.0 (*)
          ├── (dev) delonix-mgmt v0.1.0 (*)
          ├── proptest v1.11.0 (*)
          ├── prost-build v0.13.5
          │   └── tonic-build v0.12.3
          │       └── (build) delonix-cri v3.1.0 (*)
          └── rusty-fork v0.3.1
              └── proptest v1.11.0 (*)
    ├ getrandom v0.4.3
      ├── jobserver v0.1.35
      │   └── cc v1.3.0
      │       ├── (build) iana-time-zone-haiku v0.1.2
      │       │   └── iana-time-zone v0.1.65
      │       │       └── chrono v0.4.45
      │       │           ├── rmcp v3.1.4
      │       │           │   └── delonix-mcp v3.1.0
      │       │           │       └── delonix-runtime-bin v3.1.0
      │       │           └── schemars v1.2.2
      │       │               ├── delonix-mcp v3.1.0 (*)
      │       │               ├── delonix-runtime-bin v3.1.0 (*)
      │       │               └── rmcp v3.1.4 (*)
      │       ├── (build) ring v0.17.14
      │       │   ├── delonix-image v3.1.0
      │       │   │   ├── delonix-cri v3.1.0
      │       │   │   │   └── delonix-runtime-bin v3.1.0 (*)
      │       │   │   ├── delonix-mgmt v0.1.0
      │       │   │   │   ├── delonix-mcp v3.1.0 (*)
      │       │   │   │   └── delonix-runtime-bin v3.1.0 (*)
      │       │   │   ├── delonix-runtime-bin v3.1.0 (*)
      │       │   │   └── delonix-scan v3.1.0
      │       │   │       ├── delonix-mgmt v0.1.0 (*)
      │       │   │       └── delonix-runtime-bin v3.1.0 (*)
      │       │   ├── rcgen v0.13.2
      │       │   │   └── delonix-runtime-bin v3.1.0 (*)
      │       │   ├── rustls v0.23.45
      │       │   │   ├── hyper-rustls v0.27.9
      │       │   │   │   └── reqwest v0.12.28
      │       │   │   │       ├── delonix-image v3.1.0 (*)
      │       │   │   │       ├── delonix-proxmox v3.1.0
      │       │   │   │       │   └── delonix-runtime-bin v3.1.0 (*)
      │       │   │   │       ├── delonix-runtime-bin v3.1.0 (*)
      │       │   │   │       └── delonix-truenas v3.1.0
      │       │   │   │           └── delonix-runtime-bin v3.1.0 (*)
      │       │   │   ├── reqwest v0.12.28 (*)
      │       │   │   └── tokio-rustls v0.26.4
      │       │   │       ├── delonix-runtime-bin v3.1.0 (*)
      │       │   │       ├── hyper-rustls v0.27.9 (*)
      │       │   │       └── reqwest v0.12.28 (*)
      │       │   └── rustls-webpki v0.103.15
      │       │       └── rustls v0.23.45 (*)
      │       └── (build) zstd-sys v2.0.16+zstd.1.5.7
      │           └── zstd-safe v7.2.4
      │               └── zstd v0.13.3
      │                   └── delonix-image v3.1.0 (*)
      └── uuid v1.26.0
          └── rmcp v3.1.4 (*)

warning[duplicate]: found 3 duplicate entries for crate 'hashbrown'
    ┌─ /tmp/wt-prodready/Cargo.lock:121:1
    │  
121 │ ╭ hashbrown 0.12.3 registry+https://github.com/rust-lang/crates.io-index
122 │ │ hashbrown 0.15.5 registry+https://github.com/rust-lang/crates.io-index
123 │ │ hashbrown 0.17.1 registry+https://github.com/rust-lang/crates.io-index
    │ ╰──────────────────────────────────────────────────────────────────────┘ lock entries
    │  
    ├ hashbrown v0.12.3
      └── indexmap v1.9.3
          └── tower v0.4.13
              └── tonic v0.12.3
                  └── delonix-cri v3.1.0
                      └── delonix-runtime-bin v3.1.0
    ├ hashbrown v0.15.5
      └── lru v0.12.5
          └── ratatui v0.29.0
              └── delonix-runtime-bin v3.1.0
    ├ hashbrown v0.17.1
      └── indexmap v2.14.0
          ├── h2 v0.4.16
          │   ├── hyper v1.10.1
          │   │   ├── axum v0.7.9
          │   │   │   ├── delonix-cri v3.1.0
          │   │   │   │   └── delonix-runtime-bin v3.1.0
          │   │   │   ├── delonix-mgmt v0.1.0
          │   │   │   │   ├── delonix-mcp v3.1.0
          │   │   │   │   │   └── delonix-runtime-bin v3.1.0 (*)
          │   │   │   │   └── delonix-runtime-bin v3.1.0 (*)
          │   │   │   └── tonic v0.12.3
          │   │   │       └── delonix-cri v3.1.0 (*)
          │   │   ├── delonix-cri v3.1.0 (*)
          │   │   ├── delonix-mgmt v0.1.0 (*)
          │   │   ├── delonix-runtime-bin v3.1.0 (*)
          │   │   ├── hyper-rustls v0.27.9
          │   │   │   └── reqwest v0.12.28
          │   │   │       ├── delonix-image v3.1.0
          │   │   │       │   ├── delonix-cri v3.1.0 (*)
          │   │   │       │   ├── delonix-mgmt v0.1.0 (*)
          │   │   │       │   ├── delonix-runtime-bin v3.1.0 (*)
          │   │   │       │   └── delonix-scan v3.1.0
          │   │   │       │       ├── delonix-mgmt v0.1.0 (*)
          │   │   │       │       └── delonix-runtime-bin v3.1.0 (*)
          │   │   │       ├── delonix-proxmox v3.1.0
          │   │   │       │   └── delonix-runtime-bin v3.1.0 (*)
          │   │   │       ├── delonix-runtime-bin v3.1.0 (*)
          │   │   │       └── delonix-truenas v3.1.0
          │   │   │           └── delonix-runtime-bin v3.1.0 (*)
          │   │   ├── hyper-timeout v0.5.2
          │   │   │   └── tonic v0.12.3 (*)
          │   │   ├── hyper-util v0.1.20
          │   │   │   ├── axum v0.7.9 (*)
          │   │   │   ├── (dev) delonix-cri v3.1.0 (*)
          │   │   │   ├── delonix-mgmt v0.1.0 (*)
          │   │   │   ├── delonix-runtime-bin v3.1.0 (*)
          │   │   │   ├── hyper-rustls v0.27.9 (*)
          │   │   │   ├── hyper-timeout v0.5.2 (*)
          │   │   │   ├── reqwest v0.12.28 (*)
          │   │   │   ├── reqwest v0.13.4
          │   │   │   │   ├── opentelemetry-http v0.32.0
          │   │   │   │   │   └── opentelemetry-otlp v0.32.0
          │   │   │   │   │       └── delonix-runtime-core v3.1.0
          │   │   │   │   │           ├── delonix-cri v3.1.0 (*)
          │   │   │   │   │           ├── delonix-image v3.1.0 (*)
          │   │   │   │   │           ├── delonix-mcp v3.1.0 (*)
          │   │   │   │   │           ├── delonix-mgmt v0.1.0 (*)
          │   │   │   │   │           ├── delonix-net v3.1.0
          │   │   │   │   │           │   ├── delonix-cri v3.1.0 (*)
          │   │   │   │   │           │   ├── delonix-mcp v3.1.0 (*)
          │   │   │   │   │           │   ├── delonix-mgmt v0.1.0 (*)
          │   │   │   │   │           │   ├── delonix-runtime-bin v3.1.0 (*)
          │   │   │   │   │           │   └── delonix-vm v3.1.0
          │   │   │   │   │           │       ├── delonix-mcp v3.1.0 (*)
          │   │   │   │   │           │       ├── delonix-mgmt v0.1.0 (*)
          │   │   │   │   │           │       ├── delonix-proxmox v3.1.0 (*)
          │   │   │   │   │           │       └── delonix-runtime-bin v3.1.0 (*)
          │   │   │   │   │           ├── delonix-proxmox v3.1.0 (*)
          │   │   │   │   │           ├── delonix-runtime v3.1.0
          │   │   │   │   │           │   ├── delonix-cri v3.1.0 (*)
          │   │   │   │   │           │   ├── delonix-mcp v3.1.0 (*)
          │   │   │   │   │           │   ├── delonix-mgmt v0.1.0 (*)
          │   │   │   │   │           │   └── delonix-runtime-bin v3.1.0 (*)
          │   │   │   │   │           ├── delonix-runtime-bin v3.1.0 (*)
          │   │   │   │   │           ├── delonix-scan v3.1.0 (*)
          │   │   │   │   │           ├── delonix-security-runtime v3.1.0
          │   │   │   │   │           │   └── delonix-runtime-bin v3.1.0 (*)
          │   │   │   │   │           ├── delonix-truenas v3.1.0 (*)
          │   │   │   │   │           ├── delonix-vm v3.1.0 (*)
          │   │   │   │   │           └── delonix-volume v3.1.0
          │   │   │   │   │               ├── delonix-mcp v3.1.0 (*)
          │   │   │   │   │               ├── delonix-mgmt v0.1.0 (*)
          │   │   │   │   │               └── delonix-runtime-bin v3.1.0 (*)
          │   │   │   │   └── opentelemetry-otlp v0.32.0 (*)
          │   │   │   └── tonic v0.12.3 (*)
          │   │   ├── reqwest v0.12.28 (*)
          │   │   ├── reqwest v0.13.4 (*)
          │   │   └── tonic v0.12.3 (*)
          │   └── tonic v0.12.3 (*)
          ├── petgraph v0.7.1
          │   └── prost-build v0.13.5
          │       └── tonic-build v0.12.3
          │           └── (build) delonix-cri v3.1.0 (*)
          ├── rmcp v3.1.4
          │   └── delonix-mcp v3.1.0 (*)
          └── serde_yaml v0.9.34+deprecated
              └── delonix-runtime-bin v3.1.0 (*)

warning[duplicate]: found 2 duplicate entries for crate 'indexmap'
    ┌─ /tmp/wt-prodready/Cargo.lock:147:1
    │  
147 │ ╭ indexmap 1.9.3 registry+https://github.com/rust-lang/crates.io-index
148 │ │ indexmap 2.14.0 registry+https://github.com/rust-lang/crates.io-index
    │ ╰─────────────────────────────────────────────────────────────────────┘ lock entries
    │  
    ├ indexmap v1.9.3
      └── tower v0.4.13
          └── tonic v0.12.3
              └── delonix-cri v3.1.0
                  └── delonix-runtime-bin v3.1.0
    ├ indexmap v2.14.0
      ├── h2 v0.4.16
      │   ├── hyper v1.10.1
      │   │   ├── axum v0.7.9
      │   │   │   ├── delonix-cri v3.1.0
      │   │   │   │   └── delonix-runtime-bin v3.1.0
      │   │   │   ├── delonix-mgmt v0.1.0
      │   │   │   │   ├── delonix-mcp v3.1.0
      │   │   │   │   │   └── delonix-runtime-bin v3.1.0 (*)
      │   │   │   │   └── delonix-runtime-bin v3.1.0 (*)
      │   │   │   └── tonic v0.12.3
      │   │   │       └── delonix-cri v3.1.0 (*)
      │   │   ├── delonix-cri v3.1.0 (*)
      │   │   ├── delonix-mgmt v0.1.0 (*)
      │   │   ├── delonix-runtime-bin v3.1.0 (*)
      │   │   ├── hyper-rustls v0.27.9
      │   │   │   └── reqwest v0.12.28
      │   │   │       ├── delonix-image v3.1.0
      │   │   │       │   ├── delonix-cri v3.1.0 (*)
      │   │   │       │   ├── delonix-mgmt v0.1.0 (*)
      │   │   │       │   ├── delonix-runtime-bin v3.1.0 (*)
      │   │   │       │   └── delonix-scan v3.1.0
      │   │   │       │       ├── delonix-mgmt v0.1.0 (*)
      │   │   │       │       └── delonix-runtime-bin v3.1.0 (*)
      │   │   │       ├── delonix-proxmox v3.1.0
      │   │   │       │   └── delonix-runtime-bin v3.1.0 (*)
      │   │   │       ├── delonix-runtime-bin v3.1.0 (*)
      │   │   │       └── delonix-truenas v3.1.0
      │   │   │           └── delonix-runtime-bin v3.1.0 (*)
      │   │   ├── hyper-timeout v0.5.2
      │   │   │   └── tonic v0.12.3 (*)
      │   │   ├── hyper-util v0.1.20
      │   │   │   ├── axum v0.7.9 (*)
      │   │   │   ├── (dev) delonix-cri v3.1.0 (*)
      │   │   │   ├── delonix-mgmt v0.1.0 (*)
      │   │   │   ├── delonix-runtime-bin v3.1.0 (*)
      │   │   │   ├── hyper-rustls v0.27.9 (*)
      │   │   │   ├── hyper-timeout v0.5.2 (*)
      │   │   │   ├── reqwest v0.12.28 (*)
      │   │   │   ├── reqwest v0.13.4
      │   │   │   │   ├── opentelemetry-http v0.32.0
      │   │   │   │   │   └── opentelemetry-otlp v0.32.0
      │   │   │   │   │       └── delonix-runtime-core v3.1.0
      │   │   │   │   │           ├── delonix-cri v3.1.0 (*)
      │   │   │   │   │           ├── delonix-image v3.1.0 (*)
      │   │   │   │   │           ├── delonix-mcp v3.1.0 (*)
      │   │   │   │   │           ├── delonix-mgmt v0.1.0 (*)
      │   │   │   │   │           ├── delonix-net v3.1.0
      │   │   │   │   │           │   ├── delonix-cri v3.1.0 (*)
      │   │   │   │   │           │   ├── delonix-mcp v3.1.0 (*)
      │   │   │   │   │           │   ├── delonix-mgmt v0.1.0 (*)
      │   │   │   │   │           │   ├── delonix-runtime-bin v3.1.0 (*)
      │   │   │   │   │           │   └── delonix-vm v3.1.0
      │   │   │   │   │           │       ├── delonix-mcp v3.1.0 (*)
      │   │   │   │   │           │       ├── delonix-mgmt v0.1.0 (*)
      │   │   │   │   │           │       ├── delonix-proxmox v3.1.0 (*)
      │   │   │   │   │           │       └── delonix-runtime-bin v3.1.0 (*)
      │   │   │   │   │           ├── delonix-proxmox v3.1.0 (*)
      │   │   │   │   │           ├── delonix-runtime v3.1.0
      │   │   │   │   │           │   ├── delonix-cri v3.1.0 (*)
      │   │   │   │   │           │   ├── delonix-mcp v3.1.0 (*)
      │   │   │   │   │           │   ├── delonix-mgmt v0.1.0 (*)
      │   │   │   │   │           │   └── delonix-runtime-bin v3.1.0 (*)
      │   │   │   │   │           ├── delonix-runtime-bin v3.1.0 (*)
      │   │   │   │   │           ├── delonix-scan v3.1.0 (*)
      │   │   │   │   │           ├── delonix-security-runtime v3.1.0
      │   │   │   │   │           │   └── delonix-runtime-bin v3.1.0 (*)
      │   │   │   │   │           ├── delonix-truenas v3.1.0 (*)
      │   │   │   │   │           ├── delonix-vm v3.1.0 (*)
      │   │   │   │   │           └── delonix-volume v3.1.0
      │   │   │   │   │               ├── delonix-mcp v3.1.0 (*)
      │   │   │   │   │               ├── delonix-mgmt v0.1.0 (*)
      │   │   │   │   │               └── delonix-runtime-bin v3.1.0 (*)
      │   │   │   │   └── opentelemetry-otlp v0.32.0 (*)
      │   │   │   └── tonic v0.12.3 (*)
      │   │   ├── reqwest v0.12.28 (*)
      │   │   ├── reqwest v0.13.4 (*)
      │   │   └── tonic v0.12.3 (*)
      │   └── tonic v0.12.3 (*)
      ├── petgraph v0.7.1
      │   └── prost-build v0.13.5
      │       └── tonic-build v0.12.3
      │           └── (build) delonix-cri v3.1.0 (*)
      ├── rmcp v3.1.4
      │   └── delonix-mcp v3.1.0 (*)
      └── serde_yaml v0.9.34+deprecated
          └── delonix-runtime-bin v3.1.0 (*)

warning[duplicate]: found 2 duplicate entries for crate 'itertools'
    ┌─ /tmp/wt-prodready/Cargo.lock:157:1
    │  
157 │ ╭ itertools 0.13.0 registry+https://github.com/rust-lang/crates.io-index
158 │ │ itertools 0.14.0 registry+https://github.com/rust-lang/crates.io-index
    │ ╰──────────────────────────────────────────────────────────────────────┘ lock entries
    │  
    ├ itertools v0.13.0
      ├── ratatui v0.29.0
      │   └── delonix-runtime-bin v3.1.0
      └── unicode-truncate v1.1.0
          └── ratatui v0.29.0 (*)
    ├ itertools v0.14.0
      ├── prost-build v0.13.5
      │   └── tonic-build v0.12.3
      │       └── (build) delonix-cri v3.1.0
      │           └── delonix-runtime-bin v3.1.0
      ├── prost-derive v0.13.5
      │   └── prost v0.13.5
      │       ├── delonix-cri v3.1.0 (*)
      │       ├── prost-build v0.13.5 (*)
      │       ├── prost-types v0.13.5
      │       │   ├── prost-build v0.13.5 (*)
      │       │   └── tonic-build v0.12.3 (*)
      │       └── tonic v0.12.3
      │           └── delonix-cri v3.1.0 (*)
      └── prost-derive v0.14.4
          └── prost v0.14.4
              ├── opentelemetry-otlp v0.32.0
              │   └── delonix-runtime-core v3.1.0
              │       ├── delonix-cri v3.1.0 (*)
              │       ├── delonix-image v3.1.0
              │       │   ├── delonix-cri v3.1.0 (*)
              │       │   ├── delonix-mgmt v0.1.0
              │       │   │   ├── delonix-mcp v3.1.0
              │       │   │   │   └── delonix-runtime-bin v3.1.0 (*)
              │       │   │   └── delonix-runtime-bin v3.1.0 (*)
              │       │   ├── delonix-runtime-bin v3.1.0 (*)
              │       │   └── delonix-scan v3.1.0
              │       │       ├── delonix-mgmt v0.1.0 (*)
              │       │       └── delonix-runtime-bin v3.1.0 (*)
              │       ├── delonix-mcp v3.1.0 (*)
              │       ├── delonix-mgmt v0.1.0 (*)
              │       ├── delonix-net v3.1.0
              │       │   ├── delonix-cri v3.1.0 (*)
              │       │   ├── delonix-mcp v3.1.0 (*)
              │       │   ├── delonix-mgmt v0.1.0 (*)
              │       │   ├── delonix-runtime-bin v3.1.0 (*)
              │       │   └── delonix-vm v3.1.0
              │       │       ├── delonix-mcp v3.1.0 (*)
              │       │       ├── delonix-mgmt v0.1.0 (*)
              │       │       ├── delonix-proxmox v3.1.0
              │       │       │   └── delonix-runtime-bin v3.1.0 (*)
              │       │       └── delonix-runtime-bin v3.1.0 (*)
              │       ├── delonix-proxmox v3.1.0 (*)
              │       ├── delonix-runtime v3.1.0
              │       │   ├── delonix-cri v3.1.0 (*)
              │       │   ├── delonix-mcp v3.1.0 (*)
              │       │   ├── delonix-mgmt v0.1.0 (*)
              │       │   └── delonix-runtime-bin v3.1.0 (*)
              │       ├── delonix-runtime-bin v3.1.0 (*)
              │       ├── delonix-scan v3.1.0 (*)
              │       ├── delonix-security-runtime v3.1.0
              │       │   └── delonix-runtime-bin v3.1.0 (*)
              │       ├── delonix-truenas v3.1.0
              │       │   └── delonix-runtime-bin v3.1.0 (*)
              │       ├── delonix-vm v3.1.0 (*)
              │       └── delonix-volume v3.1.0
              │           ├── delonix-mcp v3.1.0 (*)
              │           ├── delonix-mgmt v0.1.0 (*)
              │           └── delonix-runtime-bin v3.1.0 (*)
              └── opentelemetry-proto v0.32.0
                  └── opentelemetry-otlp v0.32.0 (*)

warning[duplicate]: found 2 duplicate entries for crate 'linux-raw-sys'
    ┌─ /tmp/wt-prodready/Cargo.lock:166:1
    │  
166 │ ╭ linux-raw-sys 0.4.15 registry+https://github.com/rust-lang/crates.io-index
167 │ │ linux-raw-sys 0.12.1 registry+https://github.com/rust-lang/crates.io-index
    │ ╰──────────────────────────────────────────────────────────────────────────┘ lock entries
    │  
    ├ linux-raw-sys v0.4.15
      └── rustix v0.38.44
          └── crossterm v0.28.1
              └── ratatui v0.29.0
                  └── delonix-runtime-bin v3.1.0
    ├ linux-raw-sys v0.12.1
      └── rustix v1.1.4
          ├── delonix-runtime v3.1.0
          │   ├── delonix-cri v3.1.0
          │   │   └── delonix-runtime-bin v3.1.0
          │   ├── delonix-mcp v3.1.0
          │   │   └── delonix-runtime-bin v3.1.0 (*)
          │   ├── delonix-mgmt v0.1.0
          │   │   ├── delonix-mcp v3.1.0 (*)
          │   │   └── delonix-runtime-bin v3.1.0 (*)
          │   └── delonix-runtime-bin v3.1.0 (*)
          ├── tempfile v3.27.0
          │   ├── (dev) delonix-mcp v3.1.0 (*)
          │   ├── (dev) delonix-mgmt v0.1.0 (*)
          │   ├── proptest v1.11.0
          │   │   ├── (dev) delonix-image v3.1.0
          │   │   │   ├── delonix-cri v3.1.0 (*)
          │   │   │   ├── delonix-mgmt v0.1.0 (*)
          │   │   │   ├── delonix-runtime-bin v3.1.0 (*)
          │   │   │   └── delonix-scan v3.1.0
          │   │   │       ├── delonix-mgmt v0.1.0 (*)
          │   │   │       └── delonix-runtime-bin v3.1.0 (*)
          │   │   └── (dev) delonix-net v3.1.0
          │   │       ├── delonix-cri v3.1.0 (*)
          │   │       ├── delonix-mcp v3.1.0 (*)
          │   │       ├── delonix-mgmt v0.1.0 (*)
          │   │       ├── delonix-runtime-bin v3.1.0 (*)
          │   │       └── delonix-vm v3.1.0
          │   │           ├── delonix-mcp v3.1.0 (*)
          │   │           ├── delonix-mgmt v0.1.0 (*)
          │   │           ├── delonix-proxmox v3.1.0
          │   │           │   └── delonix-runtime-bin v3.1.0 (*)
          │   │           └── delonix-runtime-bin v3.1.0 (*)
          │   ├── prost-build v0.13.5
          │   │   └── tonic-build v0.12.3
          │   │       └── (build) delonix-cri v3.1.0 (*)
          │   └── rusty-fork v0.3.1
          │       └── proptest v1.11.0 (*)
          └── xattr v1.6.1
              └── tar v0.4.46
                  ├── delonix-image v3.1.0 (*)
                  ├── delonix-runtime-bin v3.1.0 (*)
                  └── delonix-scan v3.1.0 (*)

warning[duplicate]: found 2 duplicate entries for crate 'prost'
    ┌─ /tmp/wt-prodready/Cargo.lock:217:1
    │  
217 │ ╭ prost 0.13.5 registry+https://github.com/rust-lang/crates.io-index
218 │ │ prost 0.14.4 registry+https://github.com/rust-lang/crates.io-index
    │ ╰──────────────────────────────────────────────────────────────────┘ lock entries
    │  
    ├ prost v0.13.5
      ├── delonix-cri v3.1.0
      │   └── delonix-runtime-bin v3.1.0
      ├── prost-build v0.13.5
      │   └── tonic-build v0.12.3
      │       └── (build) delonix-cri v3.1.0 (*)
      ├── prost-types v0.13.5
      │   ├── prost-build v0.13.5 (*)
      │   └── tonic-build v0.12.3 (*)
      └── tonic v0.12.3
          └── delonix-cri v3.1.0 (*)
    ├ prost v0.14.4
      ├── opentelemetry-otlp v0.32.0
      │   └── delonix-runtime-core v3.1.0
      │       ├── delonix-cri v3.1.0
      │       │   └── delonix-runtime-bin v3.1.0
      │       ├── delonix-image v3.1.0
      │       │   ├── delonix-cri v3.1.0 (*)
      │       │   ├── delonix-mgmt v0.1.0
      │       │   │   ├── delonix-mcp v3.1.0
      │       │   │   │   └── delonix-runtime-bin v3.1.0 (*)
      │       │   │   └── delonix-runtime-bin v3.1.0 (*)
      │       │   ├── delonix-runtime-bin v3.1.0 (*)
      │       │   └── delonix-scan v3.1.0
      │       │       ├── delonix-mgmt v0.1.0 (*)
      │       │       └── delonix-runtime-bin v3.1.0 (*)
      │       ├── delonix-mcp v3.1.0 (*)
      │       ├── delonix-mgmt v0.1.0 (*)
      │       ├── delonix-net v3.1.0
      │       │   ├── delonix-cri v3.1.0 (*)
      │       │   ├── delonix-mcp v3.1.0 (*)
      │       │   ├── delonix-mgmt v0.1.0 (*)
      │       │   ├── delonix-runtime-bin v3.1.0 (*)
      │       │   └── delonix-vm v3.1.0
      │       │       ├── delonix-mcp v3.1.0 (*)
      │       │       ├── delonix-mgmt v0.1.0 (*)
      │       │       ├── delonix-proxmox v3.1.0
      │       │       │   └── delonix-runtime-bin v3.1.0 (*)
      │       │       └── delonix-runtime-bin v3.1.0 (*)
      │       ├── delonix-proxmox v3.1.0 (*)
      │       ├── delonix-runtime v3.1.0
      │       │   ├── delonix-cri v3.1.0 (*)
      │       │   ├── delonix-mcp v3.1.0 (*)
      │       │   ├── delonix-mgmt v0.1.0 (*)
      │       │   └── delonix-runtime-bin v3.1.0 (*)
      │       ├── delonix-runtime-bin v3.1.0 (*)
      │       ├── delonix-scan v3.1.0 (*)
      │       ├── delonix-security-runtime v3.1.0
      │       │   └── delonix-runtime-bin v3.1.0 (*)
      │       ├── delonix-truenas v3.1.0
      │       │   └── delonix-runtime-bin v3.1.0 (*)
      │       ├── delonix-vm v3.1.0 (*)
      │       └── delonix-volume v3.1.0
      │           ├── delonix-mcp v3.1.0 (*)
      │           ├── delonix-mgmt v0.1.0 (*)
      │           └── delonix-runtime-bin v3.1.0 (*)
      └── opentelemetry-proto v0.32.0
          └── opentelemetry-otlp v0.32.0 (*)

warning[duplicate]: found 2 duplicate entries for crate 'prost-derive'
    ┌─ /tmp/wt-prodready/Cargo.lock:220:1
    │  
220 │ ╭ prost-derive 0.13.5 registry+https://github.com/rust-lang/crates.io-index
221 │ │ prost-derive 0.14.4 registry+https://github.com/rust-lang/crates.io-index
    │ ╰─────────────────────────────────────────────────────────────────────────┘ lock entries
    │  
    ├ prost-derive v0.13.5
      └── prost v0.13.5
          ├── delonix-cri v3.1.0
          │   └── delonix-runtime-bin v3.1.0
          ├── prost-build v0.13.5
          │   └── tonic-build v0.12.3
          │       └── (build) delonix-cri v3.1.0 (*)
          ├── prost-types v0.13.5
          │   ├── prost-build v0.13.5 (*)
          │   └── tonic-build v0.12.3 (*)
          └── tonic v0.12.3
              └── delonix-cri v3.1.0 (*)
    ├ prost-derive v0.14.4
      └── prost v0.14.4
          ├── opentelemetry-otlp v0.32.0
          │   └── delonix-runtime-core v3.1.0
          │       ├── delonix-cri v3.1.0
          │       │   └── delonix-runtime-bin v3.1.0
          │       ├── delonix-image v3.1.0
          │       │   ├── delonix-cri v3.1.0 (*)
          │       │   ├── delonix-mgmt v0.1.0
          │       │   │   ├── delonix-mcp v3.1.0
          │       │   │   │   └── delonix-runtime-bin v3.1.0 (*)
          │       │   │   └── delonix-runtime-bin v3.1.0 (*)
          │       │   ├── delonix-runtime-bin v3.1.0 (*)
          │       │   └── delonix-scan v3.1.0
          │       │       ├── delonix-mgmt v0.1.0 (*)
          │       │       └── delonix-runtime-bin v3.1.0 (*)
          │       ├── delonix-mcp v3.1.0 (*)
          │       ├── delonix-mgmt v0.1.0 (*)
          │       ├── delonix-net v3.1.0
          │       │   ├── delonix-cri v3.1.0 (*)
          │       │   ├── delonix-mcp v3.1.0 (*)
          │       │   ├── delonix-mgmt v0.1.0 (*)
          │       │   ├── delonix-runtime-bin v3.1.0 (*)
          │       │   └── delonix-vm v3.1.0
          │       │       ├── delonix-mcp v3.1.0 (*)
          │       │       ├── delonix-mgmt v0.1.0 (*)
          │       │       ├── delonix-proxmox v3.1.0
          │       │       │   └── delonix-runtime-bin v3.1.0 (*)
          │       │       └── delonix-runtime-bin v3.1.0 (*)
          │       ├── delonix-proxmox v3.1.0 (*)
          │       ├── delonix-runtime v3.1.0
          │       │   ├── delonix-cri v3.1.0 (*)
          │       │   ├── delonix-mcp v3.1.0 (*)
          │       │   ├── delonix-mgmt v0.1.0 (*)
          │       │   └── delonix-runtime-bin v3.1.0 (*)
          │       ├── delonix-runtime-bin v3.1.0 (*)
          │       ├── delonix-scan v3.1.0 (*)
          │       ├── delonix-security-runtime v3.1.0
          │       │   └── delonix-runtime-bin v3.1.0 (*)
          │       ├── delonix-truenas v3.1.0
          │       │   └── delonix-runtime-bin v3.1.0 (*)
          │       ├── delonix-vm v3.1.0 (*)
          │       └── delonix-volume v3.1.0
          │           ├── delonix-mcp v3.1.0 (*)
          │           ├── delonix-mgmt v0.1.0 (*)
          │           └── delonix-runtime-bin v3.1.0 (*)
          └── opentelemetry-proto v0.32.0
              └── opentelemetry-otlp v0.32.0 (*)

warning[duplicate]: found 2 duplicate entries for crate 'r-efi'
    ┌─ /tmp/wt-prodready/Cargo.lock:225:1
    │  
225 │ ╭ r-efi 5.3.0 registry+https://github.com/rust-lang/crates.io-index
226 │ │ r-efi 6.0.0 registry+https://github.com/rust-lang/crates.io-index
    │ ╰─────────────────────────────────────────────────────────────────┘ lock entries
    │  
    ├ r-efi v5.3.0
      └── getrandom v0.3.4
          ├── rand_core v0.9.5
          │   ├── rand v0.9.5
          │   │   ├── opentelemetry_sdk v0.32.1
          │   │   │   ├── delonix-runtime-core v3.1.0
          │   │   │   │   ├── delonix-cri v3.1.0
          │   │   │   │   │   └── delonix-runtime-bin v3.1.0
          │   │   │   │   ├── delonix-image v3.1.0
          │   │   │   │   │   ├── delonix-cri v3.1.0 (*)
          │   │   │   │   │   ├── delonix-mgmt v0.1.0
          │   │   │   │   │   │   ├── delonix-mcp v3.1.0
          │   │   │   │   │   │   │   └── delonix-runtime-bin v3.1.0 (*)
          │   │   │   │   │   │   └── delonix-runtime-bin v3.1.0 (*)
          │   │   │   │   │   ├── delonix-runtime-bin v3.1.0 (*)
          │   │   │   │   │   └── delonix-scan v3.1.0
          │   │   │   │   │       ├── delonix-mgmt v0.1.0 (*)
          │   │   │   │   │       └── delonix-runtime-bin v3.1.0 (*)
          │   │   │   │   ├── delonix-mcp v3.1.0 (*)
          │   │   │   │   ├── delonix-mgmt v0.1.0 (*)
          │   │   │   │   ├── delonix-net v3.1.0
          │   │   │   │   │   ├── delonix-cri v3.1.0 (*)
          │   │   │   │   │   ├── delonix-mcp v3.1.0 (*)
          │   │   │   │   │   ├── delonix-mgmt v0.1.0 (*)
          │   │   │   │   │   ├── delonix-runtime-bin v3.1.0 (*)
          │   │   │   │   │   └── delonix-vm v3.1.0
          │   │   │   │   │       ├── delonix-mcp v3.1.0 (*)
          │   │   │   │   │       ├── delonix-mgmt v0.1.0 (*)
          │   │   │   │   │       ├── delonix-proxmox v3.1.0
          │   │   │   │   │       │   └── delonix-runtime-bin v3.1.0 (*)
          │   │   │   │   │       └── delonix-runtime-bin v3.1.0 (*)
          │   │   │   │   ├── delonix-proxmox v3.1.0 (*)
          │   │   │   │   ├── delonix-runtime v3.1.0
          │   │   │   │   │   ├── delonix-cri v3.1.0 (*)
          │   │   │   │   │   ├── delonix-mcp v3.1.0 (*)
          │   │   │   │   │   ├── delonix-mgmt v0.1.0 (*)
          │   │   │   │   │   └── delonix-runtime-bin v3.1.0 (*)
          │   │   │   │   ├── delonix-runtime-bin v3.1.0 (*)
          │   │   │   │   ├── delonix-scan v3.1.0 (*)
          │   │   │   │   ├── delonix-security-runtime v3.1.0
          │   │   │   │   │   └── delonix-runtime-bin v3.1.0 (*)
          │   │   │   │   ├── delonix-truenas v3.1.0
          │   │   │   │   │   └── delonix-runtime-bin v3.1.0 (*)
          │   │   │   │   ├── delonix-vm v3.1.0 (*)
          │   │   │   │   └── delonix-volume v3.1.0
          │   │   │   │       ├── delonix-mcp v3.1.0 (*)
          │   │   │   │       ├── delonix-mgmt v0.1.0 (*)
          │   │   │   │       └── delonix-runtime-bin v3.1.0 (*)
          │   │   │   ├── opentelemetry-otlp v0.32.0
          │   │   │   │   └── delonix-runtime-core v3.1.0 (*)
          │   │   │   └── opentelemetry-proto v0.32.0
          │   │   │       └── opentelemetry-otlp v0.32.0 (*)
          │   │   └── proptest v1.11.0
          │   │       ├── (dev) delonix-image v3.1.0 (*)
          │   │       └── (dev) delonix-net v3.1.0 (*)
          │   ├── rand_chacha v0.9.0
          │   │   ├── proptest v1.11.0 (*)
          │   │   └── rand v0.9.5 (*)
          │   └── rand_xorshift v0.4.0
          │       └── proptest v1.11.0 (*)
          └── tempfile v3.27.0
              ├── (dev) delonix-mcp v3.1.0 (*)
              ├── (dev) delonix-mgmt v0.1.0 (*)
              ├── proptest v1.11.0 (*)
              ├── prost-build v0.13.5
              │   └── tonic-build v0.12.3
              │       └── (build) delonix-cri v3.1.0 (*)
              └── rusty-fork v0.3.1
                  └── proptest v1.11.0 (*)
    ├ r-efi v6.0.0
      └── getrandom v0.4.3
          ├── jobserver v0.1.35
          │   └── cc v1.3.0
          │       ├── (build) iana-time-zone-haiku v0.1.2
          │       │   └── iana-time-zone v0.1.65
          │       │       └── chrono v0.4.45
          │       │           ├── rmcp v3.1.4
          │       │           │   └── delonix-mcp v3.1.0
          │       │           │       └── delonix-runtime-bin v3.1.0
          │       │           └── schemars v1.2.2
          │       │               ├── delonix-mcp v3.1.0 (*)
          │       │               ├── delonix-runtime-bin v3.1.0 (*)
          │       │               └── rmcp v3.1.4 (*)
          │       ├── (build) ring v0.17.14
          │       │   ├── delonix-image v3.1.0
          │       │   │   ├── delonix-cri v3.1.0
          │       │   │   │   └── delonix-runtime-bin v3.1.0 (*)
          │       │   │   ├── delonix-mgmt v0.1.0
          │       │   │   │   ├── delonix-mcp v3.1.0 (*)
          │       │   │   │   └── delonix-runtime-bin v3.1.0 (*)
          │       │   │   ├── delonix-runtime-bin v3.1.0 (*)
          │       │   │   └── delonix-scan v3.1.0
          │       │   │       ├── delonix-mgmt v0.1.0 (*)
          │       │   │       └── delonix-runtime-bin v3.1.0 (*)
          │       │   ├── rcgen v0.13.2
          │       │   │   └── delonix-runtime-bin v3.1.0 (*)
          │       │   ├── rustls v0.23.45
          │       │   │   ├── hyper-rustls v0.27.9
          │       │   │   │   └── reqwest v0.12.28
          │       │   │   │       ├── delonix-image v3.1.0 (*)
          │       │   │   │       ├── delonix-proxmox v3.1.0
          │       │   │   │       │   └── delonix-runtime-bin v3.1.0 (*)
          │       │   │   │       ├── delonix-runtime-bin v3.1.0 (*)
          │       │   │   │       └── delonix-truenas v3.1.0
          │       │   │   │           └── delonix-runtime-bin v3.1.0 (*)
          │       │   │   ├── reqwest v0.12.28 (*)
          │       │   │   └── tokio-rustls v0.26.4
          │       │   │       ├── delonix-runtime-bin v3.1.0 (*)
          │       │   │       ├── hyper-rustls v0.27.9 (*)
          │       │   │       └── reqwest v0.12.28 (*)
          │       │   └── rustls-webpki v0.103.15
          │       │       └── rustls v0.23.45 (*)
          │       └── (build) zstd-sys v2.0.16+zstd.1.5.7
          │           └── zstd-safe v7.2.4
          │               └── zstd v0.13.3
          │                   └── delonix-image v3.1.0 (*)
          └── uuid v1.26.0
              └── rmcp v3.1.4 (*)

warning[duplicate]: found 2 duplicate entries for crate 'rand'
    ┌─ /tmp/wt-prodready/Cargo.lock:227:1
    │  
227 │ ╭ rand 0.8.7 registry+https://github.com/rust-lang/crates.io-index
228 │ │ rand 0.9.5 registry+https://github.com/rust-lang/crates.io-index
    │ ╰────────────────────────────────────────────────────────────────┘ lock entries
    │  
    ├ rand v0.8.7
      ├── tower v0.4.13
      │   └── tonic v0.12.3
      │       └── delonix-cri v3.1.0
      │           └── delonix-runtime-bin v3.1.0
      └── tungstenite v0.24.0
          └── tokio-tungstenite v0.24.0
              └── axum v0.7.9
                  ├── delonix-cri v3.1.0 (*)
                  ├── delonix-mgmt v0.1.0
                  │   ├── delonix-mcp v3.1.0
                  │   │   └── delonix-runtime-bin v3.1.0 (*)
                  │   └── delonix-runtime-bin v3.1.0 (*)
                  └── tonic v0.12.3 (*)
    ├ rand v0.9.5
      ├── opentelemetry_sdk v0.32.1
      │   ├── delonix-runtime-core v3.1.0
      │   │   ├── delonix-cri v3.1.0
      │   │   │   └── delonix-runtime-bin v3.1.0
      │   │   ├── delonix-image v3.1.0
      │   │   │   ├── delonix-cri v3.1.0 (*)
      │   │   │   ├── delonix-mgmt v0.1.0
      │   │   │   │   ├── delonix-mcp v3.1.0
      │   │   │   │   │   └── delonix-runtime-bin v3.1.0 (*)
      │   │   │   │   └── delonix-runtime-bin v3.1.0 (*)
      │   │   │   ├── delonix-runtime-bin v3.1.0 (*)
      │   │   │   └── delonix-scan v3.1.0
      │   │   │       ├── delonix-mgmt v0.1.0 (*)
      │   │   │       └── delonix-runtime-bin v3.1.0 (*)
      │   │   ├── delonix-mcp v3.1.0 (*)
      │   │   ├── delonix-mgmt v0.1.0 (*)
      │   │   ├── delonix-net v3.1.0
      │   │   │   ├── delonix-cri v3.1.0 (*)
      │   │   │   ├── delonix-mcp v3.1.0 (*)
      │   │   │   ├── delonix-mgmt v0.1.0 (*)
      │   │   │   ├── delonix-runtime-bin v3.1.0 (*)
      │   │   │   └── delonix-vm v3.1.0
      │   │   │       ├── delonix-mcp v3.1.0 (*)
      │   │   │       ├── delonix-mgmt v0.1.0 (*)
      │   │   │       ├── delonix-proxmox v3.1.0
      │   │   │       │   └── delonix-runtime-bin v3.1.0 (*)
      │   │   │       └── delonix-runtime-bin v3.1.0 (*)
      │   │   ├── delonix-proxmox v3.1.0 (*)
      │   │   ├── delonix-runtime v3.1.0
      │   │   │   ├── delonix-cri v3.1.0 (*)
      │   │   │   ├── delonix-mcp v3.1.0 (*)
      │   │   │   ├── delonix-mgmt v0.1.0 (*)
      │   │   │   └── delonix-runtime-bin v3.1.0 (*)
      │   │   ├── delonix-runtime-bin v3.1.0 (*)
      │   │   ├── delonix-scan v3.1.0 (*)
      │   │   ├── delonix-security-runtime v3.1.0
      │   │   │   └── delonix-runtime-bin v3.1.0 (*)
      │   │   ├── delonix-truenas v3.1.0
      │   │   │   └── delonix-runtime-bin v3.1.0 (*)
      │   │   ├── delonix-vm v3.1.0 (*)
      │   │   └── delonix-volume v3.1.0
      │   │       ├── delonix-mcp v3.1.0 (*)
      │   │       ├── delonix-mgmt v0.1.0 (*)
      │   │       └── delonix-runtime-bin v3.1.0 (*)
      │   ├── opentelemetry-otlp v0.32.0
      │   │   └── delonix-runtime-core v3.1.0 (*)
      │   └── opentelemetry-proto v0.32.0
      │       └── opentelemetry-otlp v0.32.0 (*)
      └── proptest v1.11.0
          ├── (dev) delonix-image v3.1.0 (*)
          └── (dev) delonix-net v3.1.0 (*)

warning[duplicate]: found 2 duplicate entries for crate 'rand_chacha'
    ┌─ /tmp/wt-prodready/Cargo.lock:229:1
    │  
229 │ ╭ rand_chacha 0.3.1 registry+https://github.com/rust-lang/crates.io-index
230 │ │ rand_chacha 0.9.0 registry+https://github.com/rust-lang/crates.io-index
    │ ╰───────────────────────────────────────────────────────────────────────┘ lock entries
    │  
    ├ rand_chacha v0.3.1
      └── rand v0.8.7
          ├── tower v0.4.13
          │   └── tonic v0.12.3
          │       └── delonix-cri v3.1.0
          │           └── delonix-runtime-bin v3.1.0
          └── tungstenite v0.24.0
              └── tokio-tungstenite v0.24.0
                  └── axum v0.7.9
                      ├── delonix-cri v3.1.0 (*)
                      ├── delonix-mgmt v0.1.0
                      │   ├── delonix-mcp v3.1.0
                      │   │   └── delonix-runtime-bin v3.1.0 (*)
                      │   └── delonix-runtime-bin v3.1.0 (*)
                      └── tonic v0.12.3 (*)
    ├ rand_chacha v0.9.0
      ├── proptest v1.11.0
      │   ├── (dev) delonix-image v3.1.0
      │   │   ├── delonix-cri v3.1.0
      │   │   │   └── delonix-runtime-bin v3.1.0
      │   │   ├── delonix-mgmt v0.1.0
      │   │   │   ├── delonix-mcp v3.1.0
      │   │   │   │   └── delonix-runtime-bin v3.1.0 (*)
      │   │   │   └── delonix-runtime-bin v3.1.0 (*)
      │   │   ├── delonix-runtime-bin v3.1.0 (*)
      │   │   └── delonix-scan v3.1.0
      │   │       ├── delonix-mgmt v0.1.0 (*)
      │   │       └── delonix-runtime-bin v3.1.0 (*)
      │   └── (dev) delonix-net v3.1.0
      │       ├── delonix-cri v3.1.0 (*)
      │       ├── delonix-mcp v3.1.0 (*)
      │       ├── delonix-mgmt v0.1.0 (*)
      │       ├── delonix-runtime-bin v3.1.0 (*)
      │       └── delonix-vm v3.1.0
      │           ├── delonix-mcp v3.1.0 (*)
      │           ├── delonix-mgmt v0.1.0 (*)
      │           ├── delonix-proxmox v3.1.0
      │           │   └── delonix-runtime-bin v3.1.0 (*)
      │           └── delonix-runtime-bin v3.1.0 (*)
      └── rand v0.9.5
          ├── opentelemetry_sdk v0.32.1
          │   ├── delonix-runtime-core v3.1.0
          │   │   ├── delonix-cri v3.1.0 (*)
          │   │   ├── delonix-image v3.1.0 (*)
          │   │   ├── delonix-mcp v3.1.0 (*)
          │   │   ├── delonix-mgmt v0.1.0 (*)
          │   │   ├── delonix-net v3.1.0 (*)
          │   │   ├── delonix-proxmox v3.1.0 (*)
          │   │   ├── delonix-runtime v3.1.0
          │   │   │   ├── delonix-cri v3.1.0 (*)
          │   │   │   ├── delonix-mcp v3.1.0 (*)
          │   │   │   ├── delonix-mgmt v0.1.0 (*)
          │   │   │   └── delonix-runtime-bin v3.1.0 (*)
          │   │   ├── delonix-runtime-bin v3.1.0 (*)
          │   │   ├── delonix-scan v3.1.0 (*)
          │   │   ├── delonix-security-runtime v3.1.0
          │   │   │   └── delonix-runtime-bin v3.1.0 (*)
          │   │   ├── delonix-truenas v3.1.0
          │   │   │   └── delonix-runtime-bin v3.1.0 (*)
          │   │   ├── delonix-vm v3.1.0 (*)
          │   │   └── delonix-volume v3.1.0
          │   │       ├── delonix-mcp v3.1.0 (*)
          │   │       ├── delonix-mgmt v0.1.0 (*)
          │   │       └── delonix-runtime-bin v3.1.0 (*)
          │   ├── opentelemetry-otlp v0.32.0
          │   │   └── delonix-runtime-core v3.1.0 (*)
          │   └── opentelemetry-proto v0.32.0
          │       └── opentelemetry-otlp v0.32.0 (*)
          └── proptest v1.11.0 (*)

warning[duplicate]: found 2 duplicate entries for crate 'rand_core'
    ┌─ /tmp/wt-prodready/Cargo.lock:231:1
    │  
231 │ ╭ rand_core 0.6.4 registry+https://github.com/rust-lang/crates.io-index
232 │ │ rand_core 0.9.5 registry+https://github.com/rust-lang/crates.io-index
    │ ╰─────────────────────────────────────────────────────────────────────┘ lock entries
    │  
    ├ rand_core v0.6.4
      ├── crypto-common v0.1.7
      │   ├── aead v0.5.2
      │   │   └── chacha20poly1305 v0.10.1
      │   │       └── delonix-runtime-core v3.1.0
      │   │           ├── delonix-cri v3.1.0
      │   │           │   └── delonix-runtime-bin v3.1.0
      │   │           ├── delonix-image v3.1.0
      │   │           │   ├── delonix-cri v3.1.0 (*)
      │   │           │   ├── delonix-mgmt v0.1.0
      │   │           │   │   ├── delonix-mcp v3.1.0
      │   │           │   │   │   └── delonix-runtime-bin v3.1.0 (*)
      │   │           │   │   └── delonix-runtime-bin v3.1.0 (*)
      │   │           │   ├── delonix-runtime-bin v3.1.0 (*)
      │   │           │   └── delonix-scan v3.1.0
      │   │           │       ├── delonix-mgmt v0.1.0 (*)
      │   │           │       └── delonix-runtime-bin v3.1.0 (*)
      │   │           ├── delonix-mcp v3.1.0 (*)
      │   │           ├── delonix-mgmt v0.1.0 (*)
      │   │           ├── delonix-net v3.1.0
      │   │           │   ├── delonix-cri v3.1.0 (*)
      │   │           │   ├── delonix-mcp v3.1.0 (*)
      │   │           │   ├── delonix-mgmt v0.1.0 (*)
      │   │           │   ├── delonix-runtime-bin v3.1.0 (*)
      │   │           │   └── delonix-vm v3.1.0
      │   │           │       ├── delonix-mcp v3.1.0 (*)
      │   │           │       ├── delonix-mgmt v0.1.0 (*)
      │   │           │       ├── delonix-proxmox v3.1.0
      │   │           │       │   └── delonix-runtime-bin v3.1.0 (*)
      │   │           │       └── delonix-runtime-bin v3.1.0 (*)
      │   │           ├── delonix-proxmox v3.1.0 (*)
      │   │           ├── delonix-runtime v3.1.0
      │   │           │   ├── delonix-cri v3.1.0 (*)
      │   │           │   ├── delonix-mcp v3.1.0 (*)
      │   │           │   ├── delonix-mgmt v0.1.0 (*)
      │   │           │   └── delonix-runtime-bin v3.1.0 (*)
      │   │           ├── delonix-runtime-bin v3.1.0 (*)
      │   │           ├── delonix-scan v3.1.0 (*)
      │   │           ├── delonix-security-runtime v3.1.0
      │   │           │   └── delonix-runtime-bin v3.1.0 (*)
      │   │           ├── delonix-truenas v3.1.0
      │   │           │   └── delonix-runtime-bin v3.1.0 (*)
      │   │           ├── delonix-vm v3.1.0 (*)
      │   │           └── delonix-volume v3.1.0
      │   │               ├── delonix-mcp v3.1.0 (*)
      │   │               ├── delonix-mgmt v0.1.0 (*)
      │   │               └── delonix-runtime-bin v3.1.0 (*)
      │   ├── cipher v0.4.4
      │   │   ├── chacha20 v0.9.1
      │   │   │   └── chacha20poly1305 v0.10.1 (*)
      │   │   └── chacha20poly1305 v0.10.1 (*)
      │   ├── digest v0.10.7
      │   │   ├── sha1 v0.10.7
      │   │   │   ├── axum v0.7.9
      │   │   │   │   ├── delonix-cri v3.1.0 (*)
      │   │   │   │   ├── delonix-mgmt v0.1.0 (*)
      │   │   │   │   └── tonic v0.12.3
      │   │   │   │       └── delonix-cri v3.1.0 (*)
      │   │   │   └── tungstenite v0.24.0
      │   │   │       └── tokio-tungstenite v0.24.0
      │   │   │           └── axum v0.7.9 (*)
      │   │   └── sha2 v0.10.9
      │   │       ├── delonix-image v3.1.0 (*)
      │   │       ├── delonix-mcp v3.1.0 (*)
      │   │       └── delonix-runtime-bin v3.1.0 (*)
      │   └── universal-hash v0.5.1
      │       └── poly1305 v0.8.0
      │           └── chacha20poly1305 v0.10.1 (*)
      ├── rand v0.8.7
      │   ├── tower v0.4.13
      │   │   └── tonic v0.12.3 (*)
      │   └── tungstenite v0.24.0 (*)
      └── rand_chacha v0.3.1
          └── rand v0.8.7 (*)
    ├ rand_core v0.9.5
      ├── rand v0.9.5
      │   ├── opentelemetry_sdk v0.32.1
      │   │   ├── delonix-runtime-core v3.1.0
      │   │   │   ├── delonix-cri v3.1.0
      │   │   │   │   └── delonix-runtime-bin v3.1.0
      │   │   │   ├── delonix-image v3.1.0
      │   │   │   │   ├── delonix-cri v3.1.0 (*)
      │   │   │   │   ├── delonix-mgmt v0.1.0
      │   │   │   │   │   ├── delonix-mcp v3.1.0
      │   │   │   │   │   │   └── delonix-runtime-bin v3.1.0 (*)
      │   │   │   │   │   └── delonix-runtime-bin v3.1.0 (*)
      │   │   │   │   ├── delonix-runtime-bin v3.1.0 (*)
      │   │   │   │   └── delonix-scan v3.1.0
      │   │   │   │       ├── delonix-mgmt v0.1.0 (*)
      │   │   │   │       └── delonix-runtime-bin v3.1.0 (*)
      │   │   │   ├── delonix-mcp v3.1.0 (*)
      │   │   │   ├── delonix-mgmt v0.1.0 (*)
      │   │   │   ├── delonix-net v3.1.0
      │   │   │   │   ├── delonix-cri v3.1.0 (*)
      │   │   │   │   ├── delonix-mcp v3.1.0 (*)
      │   │   │   │   ├── delonix-mgmt v0.1.0 (*)
      │   │   │   │   ├── delonix-runtime-bin v3.1.0 (*)
      │   │   │   │   └── delonix-vm v3.1.0
      │   │   │   │       ├── delonix-mcp v3.1.0 (*)
      │   │   │   │       ├── delonix-mgmt v0.1.0 (*)
      │   │   │   │       ├── delonix-proxmox v3.1.0
      │   │   │   │       │   └── delonix-runtime-bin v3.1.0 (*)
      │   │   │   │       └── delonix-runtime-bin v3.1.0 (*)
      │   │   │   ├── delonix-proxmox v3.1.0 (*)
      │   │   │   ├── delonix-runtime v3.1.0
      │   │   │   │   ├── delonix-cri v3.1.0 (*)
      │   │   │   │   ├── delonix-mcp v3.1.0 (*)
      │   │   │   │   ├── delonix-mgmt v0.1.0 (*)
      │   │   │   │   └── delonix-runtime-bin v3.1.0 (*)
      │   │   │   ├── delonix-runtime-bin v3.1.0 (*)
      │   │   │   ├── delonix-scan v3.1.0 (*)
      │   │   │   ├── delonix-security-runtime v3.1.0
      │   │   │   │   └── delonix-runtime-bin v3.1.0 (*)
      │   │   │   ├── delonix-truenas v3.1.0
      │   │   │   │   └── delonix-runtime-bin v3.1.0 (*)
      │   │   │   ├── delonix-vm v3.1.0 (*)
      │   │   │   └── delonix-volume v3.1.0
      │   │   │       ├── delonix-mcp v3.1.0 (*)
      │   │   │       ├── delonix-mgmt v0.1.0 (*)
      │   │   │       └── delonix-runtime-bin v3.1.0 (*)
      │   │   ├── opentelemetry-otlp v0.32.0
      │   │   │   └── delonix-runtime-core v3.1.0 (*)
      │   │   └── opentelemetry-proto v0.32.0
      │   │       └── opentelemetry-otlp v0.32.0 (*)
      │   └── proptest v1.11.0
      │       ├── (dev) delonix-image v3.1.0 (*)
      │       └── (dev) delonix-net v3.1.0 (*)
      ├── rand_chacha v0.9.0
      │   ├── proptest v1.11.0 (*)
      │   └── rand v0.9.5 (*)
      └── rand_xorshift v0.4.0
          └── proptest v1.11.0 (*)

warning[duplicate]: found 2 duplicate entries for crate 'reqwest'
    ┌─ /tmp/wt-prodready/Cargo.lock:244:1
    │  
244 │ ╭ reqwest 0.12.28 registry+https://github.com/rust-lang/crates.io-index
245 │ │ reqwest 0.13.4 registry+https://github.com/rust-lang/crates.io-index
    │ ╰────────────────────────────────────────────────────────────────────┘ lock entries
    │  
    ├ reqwest v0.12.28
      ├── delonix-image v3.1.0
      │   ├── delonix-cri v3.1.0
      │   │   └── delonix-runtime-bin v3.1.0
      │   ├── delonix-mgmt v0.1.0
      │   │   ├── delonix-mcp v3.1.0
      │   │   │   └── delonix-runtime-bin v3.1.0 (*)
      │   │   └── delonix-runtime-bin v3.1.0 (*)
      │   ├── delonix-runtime-bin v3.1.0 (*)
      │   └── delonix-scan v3.1.0
      │       ├── delonix-mgmt v0.1.0 (*)
      │       └── delonix-runtime-bin v3.1.0 (*)
      ├── delonix-proxmox v3.1.0
      │   └── delonix-runtime-bin v3.1.0 (*)
      ├── delonix-runtime-bin v3.1.0 (*)
      └── delonix-truenas v3.1.0
          └── delonix-runtime-bin v3.1.0 (*)
    ├ reqwest v0.13.4
      ├── opentelemetry-http v0.32.0
      │   └── opentelemetry-otlp v0.32.0
      │       └── delonix-runtime-core v3.1.0
      │           ├── delonix-cri v3.1.0
      │           │   └── delonix-runtime-bin v3.1.0
      │           ├── delonix-image v3.1.0
      │           │   ├── delonix-cri v3.1.0 (*)
      │           │   ├── delonix-mgmt v0.1.0
      │           │   │   ├── delonix-mcp v3.1.0
      │           │   │   │   └── delonix-runtime-bin v3.1.0 (*)
      │           │   │   └── delonix-runtime-bin v3.1.0 (*)
      │           │   ├── delonix-runtime-bin v3.1.0 (*)
      │           │   └── delonix-scan v3.1.0
      │           │       ├── delonix-mgmt v0.1.0 (*)
      │           │       └── delonix-runtime-bin v3.1.0 (*)
      │           ├── delonix-mcp v3.1.0 (*)
      │           ├── delonix-mgmt v0.1.0 (*)
      │           ├── delonix-net v3.1.0
      │           │   ├── delonix-cri v3.1.0 (*)
      │           │   ├── delonix-mcp v3.1.0 (*)
      │           │   ├── delonix-mgmt v0.1.0 (*)
      │           │   ├── delonix-runtime-bin v3.1.0 (*)
      │           │   └── delonix-vm v3.1.0
      │           │       ├── delonix-mcp v3.1.0 (*)
      │           │       ├── delonix-mgmt v0.1.0 (*)
      │           │       ├── delonix-proxmox v3.1.0
      │           │       │   └── delonix-runtime-bin v3.1.0 (*)
      │           │       └── delonix-runtime-bin v3.1.0 (*)
      │           ├── delonix-proxmox v3.1.0 (*)
      │           ├── delonix-runtime v3.1.0
      │           │   ├── delonix-cri v3.1.0 (*)
      │           │   ├── delonix-mcp v3.1.0 (*)
      │           │   ├── delonix-mgmt v0.1.0 (*)
      │           │   └── delonix-runtime-bin v3.1.0 (*)
      │           ├── delonix-runtime-bin v3.1.0 (*)
      │           ├── delonix-scan v3.1.0 (*)
      │           ├── delonix-security-runtime v3.1.0
      │           │   └── delonix-runtime-bin v3.1.0 (*)
      │           ├── delonix-truenas v3.1.0
      │           │   └── delonix-runtime-bin v3.1.0 (*)
      │           ├── delonix-vm v3.1.0 (*)
      │           └── delonix-volume v3.1.0
      │               ├── delonix-mcp v3.1.0 (*)
      │               ├── delonix-mgmt v0.1.0 (*)
      │               └── delonix-runtime-bin v3.1.0 (*)
      └── opentelemetry-otlp v0.32.0 (*)

warning[duplicate]: found 2 duplicate entries for crate 'rustix'
    ┌─ /tmp/wt-prodready/Cargo.lock:249:1
    │  
249 │ ╭ rustix 0.38.44 registry+https://github.com/rust-lang/crates.io-index
250 │ │ rustix 1.1.4 registry+https://github.com/rust-lang/crates.io-index
    │ ╰──────────────────────────────────────────────────────────────────┘ lock entries
    │  
    ├ rustix v0.38.44
      └── crossterm v0.28.1
          └── ratatui v0.29.0
              └── delonix-runtime-bin v3.1.0
    ├ rustix v1.1.4
      ├── delonix-runtime v3.1.0
      │   ├── delonix-cri v3.1.0
      │   │   └── delonix-runtime-bin v3.1.0
      │   ├── delonix-mcp v3.1.0
      │   │   └── delonix-runtime-bin v3.1.0 (*)
      │   ├── delonix-mgmt v0.1.0
      │   │   ├── delonix-mcp v3.1.0 (*)
      │   │   └── delonix-runtime-bin v3.1.0 (*)
      │   └── delonix-runtime-bin v3.1.0 (*)
      ├── tempfile v3.27.0
      │   ├── (dev) delonix-mcp v3.1.0 (*)
      │   ├── (dev) delonix-mgmt v0.1.0 (*)
      │   ├── proptest v1.11.0
      │   │   ├── (dev) delonix-image v3.1.0
      │   │   │   ├── delonix-cri v3.1.0 (*)
      │   │   │   ├── delonix-mgmt v0.1.0 (*)
      │   │   │   ├── delonix-runtime-bin v3.1.0 (*)
      │   │   │   └── delonix-scan v3.1.0
      │   │   │       ├── delonix-mgmt v0.1.0 (*)
      │   │   │       └── delonix-runtime-bin v3.1.0 (*)
      │   │   └── (dev) delonix-net v3.1.0
      │   │       ├── delonix-cri v3.1.0 (*)
      │   │       ├── delonix-mcp v3.1.0 (*)
      │   │       ├── delonix-mgmt v0.1.0 (*)
      │   │       ├── delonix-runtime-bin v3.1.0 (*)
      │   │       └── delonix-vm v3.1.0
      │   │           ├── delonix-mcp v3.1.0 (*)
      │   │           ├── delonix-mgmt v0.1.0 (*)
      │   │           ├── delonix-proxmox v3.1.0
      │   │           │   └── delonix-runtime-bin v3.1.0 (*)
      │   │           └── delonix-runtime-bin v3.1.0 (*)
      │   ├── prost-build v0.13.5
      │   │   └── tonic-build v0.12.3
      │   │       └── (build) delonix-cri v3.1.0 (*)
      │   └── rusty-fork v0.3.1
      │       └── proptest v1.11.0 (*)
      └── xattr v1.6.1
          └── tar v0.4.46
              ├── delonix-image v3.1.0 (*)
              ├── delonix-runtime-bin v3.1.0 (*)
              └── delonix-scan v3.1.0 (*)

warning[duplicate]: found 2 duplicate entries for crate 'socket2'
    ┌─ /tmp/wt-prodready/Cargo.lock:281:1
    │  
281 │ ╭ socket2 0.5.10 registry+https://github.com/rust-lang/crates.io-index
282 │ │ socket2 0.6.5 registry+https://github.com/rust-lang/crates.io-index
    │ ╰───────────────────────────────────────────────────────────────────┘ lock entries
    │  
    ├ socket2 v0.5.10
      └── tonic v0.12.3
          └── delonix-cri v3.1.0
              └── delonix-runtime-bin v3.1.0
    ├ socket2 v0.6.5
      ├── hyper-util v0.1.20
      │   ├── axum v0.7.9
      │   │   ├── delonix-cri v3.1.0
      │   │   │   └── delonix-runtime-bin v3.1.0
      │   │   ├── delonix-mgmt v0.1.0
      │   │   │   ├── delonix-mcp v3.1.0
      │   │   │   │   └── delonix-runtime-bin v3.1.0 (*)
      │   │   │   └── delonix-runtime-bin v3.1.0 (*)
      │   │   └── tonic v0.12.3
      │   │       └── delonix-cri v3.1.0 (*)
      │   ├── (dev) delonix-cri v3.1.0 (*)
      │   ├── delonix-mgmt v0.1.0 (*)
      │   ├── delonix-runtime-bin v3.1.0 (*)
      │   ├── hyper-rustls v0.27.9
      │   │   └── reqwest v0.12.28
      │   │       ├── delonix-image v3.1.0
      │   │       │   ├── delonix-cri v3.1.0 (*)
      │   │       │   ├── delonix-mgmt v0.1.0 (*)
      │   │       │   ├── delonix-runtime-bin v3.1.0 (*)
      │   │       │   └── delonix-scan v3.1.0
      │   │       │       ├── delonix-mgmt v0.1.0 (*)
      │   │       │       └── delonix-runtime-bin v3.1.0 (*)
      │   │       ├── delonix-proxmox v3.1.0
      │   │       │   └── delonix-runtime-bin v3.1.0 (*)
      │   │       ├── delonix-runtime-bin v3.1.0 (*)
      │   │       └── delonix-truenas v3.1.0
      │   │           └── delonix-runtime-bin v3.1.0 (*)
      │   ├── hyper-timeout v0.5.2
      │   │   └── tonic v0.12.3 (*)
      │   ├── reqwest v0.12.28 (*)
      │   ├── reqwest v0.13.4
      │   │   ├── opentelemetry-http v0.32.0
      │   │   │   └── opentelemetry-otlp v0.32.0
      │   │   │       └── delonix-runtime-core v3.1.0
      │   │   │           ├── delonix-cri v3.1.0 (*)
      │   │   │           ├── delonix-image v3.1.0 (*)
      │   │   │           ├── delonix-mcp v3.1.0 (*)
      │   │   │           ├── delonix-mgmt v0.1.0 (*)
      │   │   │           ├── delonix-net v3.1.0
      │   │   │           │   ├── delonix-cri v3.1.0 (*)
      │   │   │           │   ├── delonix-mcp v3.1.0 (*)
      │   │   │           │   ├── delonix-mgmt v0.1.0 (*)
      │   │   │           │   ├── delonix-runtime-bin v3.1.0 (*)
      │   │   │           │   └── delonix-vm v3.1.0
      │   │   │           │       ├── delonix-mcp v3.1.0 (*)
      │   │   │           │       ├── delonix-mgmt v0.1.0 (*)
      │   │   │           │       ├── delonix-proxmox v3.1.0 (*)
      │   │   │           │       └── delonix-runtime-bin v3.1.0 (*)
      │   │   │           ├── delonix-proxmox v3.1.0 (*)
      │   │   │           ├── delonix-runtime v3.1.0
      │   │   │           │   ├── delonix-cri v3.1.0 (*)
      │   │   │           │   ├── delonix-mcp v3.1.0 (*)
      │   │   │           │   ├── delonix-mgmt v0.1.0 (*)
      │   │   │           │   └── delonix-runtime-bin v3.1.0 (*)
      │   │   │           ├── delonix-runtime-bin v3.1.0 (*)
      │   │   │           ├── delonix-scan v3.1.0 (*)
      │   │   │           ├── delonix-security-runtime v3.1.0
      │   │   │           │   └── delonix-runtime-bin v3.1.0 (*)
      │   │   │           ├── delonix-truenas v3.1.0 (*)
      │   │   │           ├── delonix-vm v3.1.0 (*)
      │   │   │           └── delonix-volume v3.1.0
      │   │   │               ├── delonix-mcp v3.1.0 (*)
      │   │   │               ├── delonix-mgmt v0.1.0 (*)
      │   │   │               └── delonix-runtime-bin v3.1.0 (*)
      │   │   └── opentelemetry-otlp v0.32.0 (*)
      │   └── tonic v0.12.3 (*)
      └── tokio v1.53.0
          ├── axum v0.7.9 (*)
          ├── delonix-cri v3.1.0 (*)
          ├── delonix-mcp v3.1.0 (*)
          ├── delonix-mgmt v0.1.0 (*)
          ├── delonix-runtime-bin v3.1.0 (*)
          ├── h2 v0.4.16
          │   ├── hyper v1.10.1
          │   │   ├── axum v0.7.9 (*)
          │   │   ├── delonix-cri v3.1.0 (*)
          │   │   ├── delonix-mgmt v0.1.0 (*)
          │   │   ├── delonix-runtime-bin v3.1.0 (*)
          │   │   ├── hyper-rustls v0.27.9 (*)
          │   │   ├── hyper-timeout v0.5.2 (*)
          │   │   ├── hyper-util v0.1.20 (*)
          │   │   ├── reqwest v0.12.28 (*)
          │   │   ├── reqwest v0.13.4 (*)
          │   │   └── tonic v0.12.3 (*)
          │   └── tonic v0.12.3 (*)
          ├── hyper v1.10.1 (*)
          ├── hyper-rustls v0.27.9 (*)
          ├── hyper-timeout v0.5.2 (*)
          ├── hyper-util v0.1.20 (*)
          ├── reqwest v0.12.28 (*)
          ├── reqwest v0.13.4 (*)
          ├── rmcp v3.1.4
          │   └── delonix-mcp v3.1.0 (*)
          ├── tokio-rustls v0.26.4
          │   ├── delonix-runtime-bin v3.1.0 (*)
          │   ├── hyper-rustls v0.27.9 (*)
          │   └── reqwest v0.12.28 (*)
          ├── tokio-stream v0.1.18
          │   ├── delonix-cri v3.1.0 (*)
          │   └── tonic v0.12.3 (*)
          ├── tokio-tungstenite v0.24.0
          │   └── axum v0.7.9 (*)
          ├── tokio-util v0.7.18
          │   ├── h2 v0.4.16 (*)
          │   ├── rmcp v3.1.4 (*)
          │   └── tower v0.4.13
          │       └── tonic v0.12.3 (*)
          ├── tonic v0.12.3 (*)
          ├── tower v0.4.13 (*)
          └── tower v0.5.3
              ├── axum v0.7.9 (*)
              ├── (dev) delonix-cri v3.1.0 (*)
              ├── (dev) delonix-mgmt v0.1.0 (*)
              ├── reqwest v0.12.28 (*)
              ├── reqwest v0.13.4 (*)
              └── tower-http v0.6.11
                  ├── reqwest v0.12.28 (*)
                  └── reqwest v0.13.4 (*)

warning[duplicate]: found 2 duplicate entries for crate 'strum'
    ┌─ /tmp/wt-prodready/Cargo.lock:286:1
    │  
286 │ ╭ strum 0.26.3 registry+https://github.com/rust-lang/crates.io-index
287 │ │ strum 0.27.2 registry+https://github.com/rust-lang/crates.io-index
    │ ╰──────────────────────────────────────────────────────────────────┘ lock entries
    │  
    ├ strum v0.26.3
      └── ratatui v0.29.0
          └── delonix-runtime-bin v3.1.0
    ├ strum v0.27.2
      └── oci-spec v0.10.0
          ├── delonix-image v3.1.0
          │   ├── delonix-cri v3.1.0
          │   │   └── delonix-runtime-bin v3.1.0
          │   ├── delonix-mgmt v0.1.0
          │   │   ├── delonix-mcp v3.1.0
          │   │   │   └── delonix-runtime-bin v3.1.0 (*)
          │   │   └── delonix-runtime-bin v3.1.0 (*)
          │   ├── delonix-runtime-bin v3.1.0 (*)
          │   └── delonix-scan v3.1.0
          │       ├── delonix-mgmt v0.1.0 (*)
          │       └── delonix-runtime-bin v3.1.0 (*)
          └── delonix-runtime-bin v3.1.0 (*)

warning[duplicate]: found 2 duplicate entries for crate 'strum_macros'
    ┌─ /tmp/wt-prodready/Cargo.lock:288:1
    │  
288 │ ╭ strum_macros 0.26.4 registry+https://github.com/rust-lang/crates.io-index
289 │ │ strum_macros 0.27.2 registry+https://github.com/rust-lang/crates.io-index
    │ ╰─────────────────────────────────────────────────────────────────────────┘ lock entries
    │  
    ├ strum_macros v0.26.4
      └── strum v0.26.3
          └── ratatui v0.29.0
              └── delonix-runtime-bin v3.1.0
    ├ strum_macros v0.27.2
      └── oci-spec v0.10.0
          ├── delonix-image v3.1.0
          │   ├── delonix-cri v3.1.0
          │   │   └── delonix-runtime-bin v3.1.0
          │   ├── delonix-mgmt v0.1.0
          │   │   ├── delonix-mcp v3.1.0
          │   │   │   └── delonix-runtime-bin v3.1.0 (*)
          │   │   └── delonix-runtime-bin v3.1.0 (*)
          │   ├── delonix-runtime-bin v3.1.0 (*)
          │   └── delonix-scan v3.1.0
          │       ├── delonix-mgmt v0.1.0 (*)
          │       └── delonix-runtime-bin v3.1.0 (*)
          └── delonix-runtime-bin v3.1.0 (*)

warning[duplicate]: found 2 duplicate entries for crate 'syn'
    ┌─ /tmp/wt-prodready/Cargo.lock:291:1
    │  
291 │ ╭ syn 2.0.119 registry+https://github.com/rust-lang/crates.io-index
292 │ │ syn 3.0.0 registry+https://github.com/rust-lang/crates.io-index
    │ ╰───────────────────────────────────────────────────────────────┘ lock entries
    │  
    ├ syn v2.0.119
      ├── async-stream-impl v0.3.6
      │   └── async-stream v0.3.6
      │       └── tonic v0.12.3
      │           └── delonix-cri v3.1.0
      │               └── delonix-runtime-bin v3.1.0
      ├── clap_derive v4.6.1
      │   └── clap v4.6.2
      │       ├── clap_complete v4.6.7
      │       │   └── delonix-runtime-bin v3.1.0 (*)
      │       ├── criterion v0.5.1
      │       │   └── (dev) delonix-image v3.1.0
      │       │       ├── delonix-cri v3.1.0 (*)
      │       │       ├── delonix-mgmt v0.1.0
      │       │       │   ├── delonix-mcp v3.1.0
      │       │       │   │   └── delonix-runtime-bin v3.1.0 (*)
      │       │       │   └── delonix-runtime-bin v3.1.0 (*)
      │       │       ├── delonix-runtime-bin v3.1.0 (*)
      │       │       └── delonix-scan v3.1.0
      │       │           ├── delonix-mgmt v0.1.0 (*)
      │       │           └── delonix-runtime-bin v3.1.0 (*)
      │       └── delonix-runtime-bin v3.1.0 (*)
      ├── darling_core v0.20.11
      │   ├── darling v0.20.11
      │   │   └── derive_builder_core v0.20.2
      │   │       └── derive_builder_macro v0.20.2
      │   │           └── derive_builder v0.20.2
      │   │               └── oci-spec v0.10.0
      │   │                   ├── delonix-image v3.1.0 (*)
      │   │                   └── delonix-runtime-bin v3.1.0 (*)
      │   └── darling_macro v0.20.11
      │       └── darling v0.20.11 (*)
      ├── darling_core v0.23.0
      │   ├── darling v0.23.0
      │   │   └── instability v0.3.12
      │   │       └── ratatui v0.29.0
      │   │           └── delonix-runtime-bin v3.1.0 (*)
      │   └── darling_macro v0.23.0
      │       └── darling v0.23.0 (*)
      ├── darling_macro v0.20.11 (*)
      ├── darling_macro v0.23.0 (*)
      ├── derive_builder_core v0.20.2 (*)
      ├── derive_builder_macro v0.20.2 (*)
      ├── displaydoc v0.2.6
      │   ├── icu_collections v2.2.0
      │   │   ├── icu_normalizer v2.2.0
      │   │   │   └── idna_adapter v1.2.2
      │   │   │       └── idna v1.1.0
      │   │   │           └── url v2.5.8
      │   │   │               ├── reqwest v0.12.28
      │   │   │               │   ├── delonix-image v3.1.0 (*)
      │   │   │               │   ├── delonix-proxmox v3.1.0
      │   │   │               │   │   └── delonix-runtime-bin v3.1.0 (*)
      │   │   │               │   ├── delonix-runtime-bin v3.1.0 (*)
      │   │   │               │   └── delonix-truenas v3.1.0
      │   │   │               │       └── delonix-runtime-bin v3.1.0 (*)
      │   │   │               ├── reqwest v0.13.4
      │   │   │               │   ├── opentelemetry-http v0.32.0
      │   │   │               │   │   └── opentelemetry-otlp v0.32.0
      │   │   │               │   │       └── delonix-runtime-core v3.1.0
      │   │   │               │   │           ├── delonix-cri v3.1.0 (*)
      │   │   │               │   │           ├── delonix-image v3.1.0 (*)
      │   │   │               │   │           ├── delonix-mcp v3.1.0 (*)
      │   │   │               │   │           ├── delonix-mgmt v0.1.0 (*)
      │   │   │               │   │           ├── delonix-net v3.1.0
      │   │   │               │   │           │   ├── delonix-cri v3.1.0 (*)
      │   │   │               │   │           │   ├── delonix-mcp v3.1.0 (*)
      │   │   │               │   │           │   ├── delonix-mgmt v0.1.0 (*)
      │   │   │               │   │           │   ├── delonix-runtime-bin v3.1.0 (*)
      │   │   │               │   │           │   └── delonix-vm v3.1.0
      │   │   │               │   │           │       ├── delonix-mcp v3.1.0 (*)
      │   │   │               │   │           │       ├── delonix-mgmt v0.1.0 (*)
      │   │   │               │   │           │       ├── delonix-proxmox v3.1.0 (*)
      │   │   │               │   │           │       └── delonix-runtime-bin v3.1.0 (*)
      │   │   │               │   │           ├── delonix-proxmox v3.1.0 (*)
      │   │   │               │   │           ├── delonix-runtime v3.1.0
      │   │   │               │   │           │   ├── delonix-cri v3.1.0 (*)
      │   │   │               │   │           │   ├── delonix-mcp v3.1.0 (*)
      │   │   │               │   │           │   ├── delonix-mgmt v0.1.0 (*)
      │   │   │               │   │           │   └── delonix-runtime-bin v3.1.0 (*)
      │   │   │               │   │           ├── delonix-runtime-bin v3.1.0 (*)
      │   │   │               │   │           ├── delonix-scan v3.1.0 (*)
      │   │   │               │   │           ├── delonix-security-runtime v3.1.0
      │   │   │               │   │           │   └── delonix-runtime-bin v3.1.0 (*)
      │   │   │               │   │           ├── delonix-truenas v3.1.0 (*)
      │   │   │               │   │           ├── delonix-vm v3.1.0 (*)
      │   │   │               │   │           └── delonix-volume v3.1.0
      │   │   │               │   │               ├── delonix-mcp v3.1.0 (*)
      │   │   │               │   │               ├── delonix-mgmt v0.1.0 (*)
      │   │   │               │   │               └── delonix-runtime-bin v3.1.0 (*)
      │   │   │               │   └── opentelemetry-otlp v0.32.0 (*)
      │   │   │               └── tower-http v0.6.11
      │   │   │                   ├── reqwest v0.12.28 (*)
      │   │   │                   └── reqwest v0.13.4 (*)
      │   │   └── icu_properties v2.2.0
      │   │       └── idna_adapter v1.2.2 (*)
      │   ├── icu_locale_core v2.2.0
      │   │   ├── icu_properties v2.2.0 (*)
      │   │   └── icu_provider v2.2.0
      │   │       ├── icu_normalizer v2.2.0 (*)
      │   │       └── icu_properties v2.2.0 (*)
      │   ├── icu_provider v2.2.0 (*)
      │   ├── tinystr v0.8.3
      │   │   └── icu_locale_core v2.2.0 (*)
      │   └── zerotrie v0.2.4
      │       ├── icu_properties v2.2.0 (*)
      │       └── icu_provider v2.2.0 (*)
      ├── futures-macro v0.3.33
      │   └── futures-util v0.3.33
      │       ├── axum v0.7.9
      │       │   ├── delonix-cri v3.1.0 (*)
      │       │   ├── delonix-mgmt v0.1.0 (*)
      │       │   └── tonic v0.12.3 (*)
      │       ├── axum-core v0.4.5
      │       │   └── axum v0.7.9 (*)
      │       ├── delonix-cri v3.1.0 (*)
      │       ├── futures v0.3.33
      │       │   └── rmcp v3.1.4
      │       │       └── delonix-mcp v3.1.0 (*)
      │       ├── futures-executor v0.3.33
      │       │   ├── futures v0.3.33 (*)
      │       │   └── opentelemetry_sdk v0.32.1
      │       │       ├── delonix-runtime-core v3.1.0 (*)
      │       │       ├── opentelemetry-otlp v0.32.0 (*)
      │       │       └── opentelemetry-proto v0.32.0
      │       │           └── opentelemetry-otlp v0.32.0 (*)
      │       ├── hyper-util v0.1.20
      │       │   ├── axum v0.7.9 (*)
      │       │   ├── (dev) delonix-cri v3.1.0 (*)
      │       │   ├── delonix-mgmt v0.1.0 (*)
      │       │   ├── delonix-runtime-bin v3.1.0 (*)
      │       │   ├── hyper-rustls v0.27.9
      │       │   │   └── reqwest v0.12.28 (*)
      │       │   ├── hyper-timeout v0.5.2
      │       │   │   └── tonic v0.12.3 (*)
      │       │   ├── reqwest v0.12.28 (*)
      │       │   ├── reqwest v0.13.4 (*)
      │       │   └── tonic v0.12.3 (*)
      │       ├── js-sys v0.3.103
      │       │   ├── iana-time-zone v0.1.65
      │       │   │   └── chrono v0.4.45
      │       │   │       ├── rmcp v3.1.4 (*)
      │       │   │       └── schemars v1.2.2
      │       │   │           ├── delonix-mcp v3.1.0 (*)
      │       │   │           ├── delonix-runtime-bin v3.1.0 (*)
      │       │   │           └── rmcp v3.1.4 (*)
      │       │   ├── opentelemetry v0.32.0
      │       │   │   ├── delonix-runtime-core v3.1.0 (*)
      │       │   │   ├── opentelemetry-http v0.32.0 (*)
      │       │   │   ├── opentelemetry-otlp v0.32.0 (*)
      │       │   │   ├── opentelemetry-proto v0.32.0 (*)
      │       │   │   ├── opentelemetry_sdk v0.32.1 (*)
      │       │   │   └── tracing-opentelemetry v0.33.0
      │       │   │       └── delonix-runtime-core v3.1.0 (*)
      │       │   ├── reqwest v0.12.28 (*)
      │       │   ├── reqwest v0.13.4 (*)
      │       │   ├── tracing-opentelemetry v0.33.0 (*)
      │       │   ├── wasm-bindgen-futures v0.4.76
      │       │   │   ├── reqwest v0.12.28 (*)
      │       │   │   └── reqwest v0.13.4 (*)
      │       │   ├── web-sys v0.3.103
      │       │   │   ├── plotters v0.3.7
      │       │   │   │   └── criterion v0.5.1 (*)
      │       │   │   ├── reqwest v0.12.28 (*)
      │       │   │   └── reqwest v0.13.4 (*)
      │       │   └── web-time v1.1.0
      │       │       └── tracing-opentelemetry v0.33.0 (*)
      │       ├── opentelemetry_sdk v0.32.1 (*)
      │       ├── reqwest v0.12.28 (*)
      │       ├── reqwest v0.13.4 (*)
      │       ├── tokio-tungstenite v0.24.0
      │       │   └── axum v0.7.9 (*)
      │       ├── tower v0.4.13
      │       │   └── tonic v0.12.3 (*)
      │       ├── tower v0.5.3
      │       │   ├── axum v0.7.9 (*)
      │       │   ├── (dev) delonix-cri v3.1.0 (*)
      │       │   ├── (dev) delonix-mgmt v0.1.0 (*)
      │       │   ├── reqwest v0.12.28 (*)
      │       │   ├── reqwest v0.13.4 (*)
      │       │   └── tower-http v0.6.11 (*)
      │       └── tower-http v0.6.11 (*)
      ├── getset v0.1.7
      │   └── oci-spec v0.10.0 (*)
      ├── instability v0.3.12 (*)
      ├── pin-project-internal v1.1.13
      │   └── pin-project v1.1.13
      │       ├── tonic v0.12.3 (*)
      │       └── tower v0.4.13 (*)
      ├── prettyplease v0.2.37
      │   ├── prost-build v0.13.5
      │   │   └── tonic-build v0.12.3
      │   │       └── (build) delonix-cri v3.1.0 (*)
      │   └── tonic-build v0.12.3 (*)
      ├── prometheus-client-derive-encode v0.5.0
      │   └── prometheus-client v0.25.0
      │       └── delonix-runtime-core v3.1.0 (*)
      ├── prost-build v0.13.5 (*)
      ├── prost-derive v0.13.5
      │   └── prost v0.13.5
      │       ├── delonix-cri v3.1.0 (*)
      │       ├── prost-build v0.13.5 (*)
      │       ├── prost-types v0.13.5
      │       │   ├── prost-build v0.13.5 (*)
      │       │   └── tonic-build v0.12.3 (*)
      │       └── tonic v0.12.3 (*)
      ├── prost-derive v0.14.4
      │   └── prost v0.14.4
      │       ├── opentelemetry-otlp v0.32.0 (*)
      │       └── opentelemetry-proto v0.32.0 (*)
      ├── strum_macros v0.26.4
      │   └── strum v0.26.3
      │       └── ratatui v0.29.0 (*)
      ├── strum_macros v0.27.2
      │   └── oci-spec v0.10.0 (*)
      ├── synstructure v0.13.2
      │   ├── yoke-derive v0.8.2
      │   │   └── yoke v0.8.3
      │   │       ├── icu_collections v2.2.0 (*)
      │   │       ├── icu_provider v2.2.0 (*)
      │   │       ├── zerotrie v0.2.4 (*)
      │   │       └── zerovec v0.11.6
      │   │           ├── icu_collections v2.2.0 (*)
      │   │           ├── icu_locale_core v2.2.0 (*)
      │   │           ├── icu_normalizer v2.2.0 (*)
      │   │           ├── icu_properties v2.2.0 (*)
      │   │           ├── icu_provider v2.2.0 (*)
      │   │           ├── potential_utf v0.1.5
      │   │           │   └── icu_collections v2.2.0 (*)
      │   │           └── tinystr v0.8.3 (*)
      │   └── zerofrom-derive v0.1.7
      │       └── zerofrom v0.1.8
      │           ├── icu_collections v2.2.0 (*)
      │           ├── icu_provider v2.2.0 (*)
      │           ├── yoke v0.8.3 (*)
      │           ├── zerotrie v0.2.4 (*)
      │           └── zerovec v0.11.6 (*)
      ├── thiserror-impl v1.0.69
      │   └── thiserror v1.0.69
      │       └── tungstenite v0.24.0
      │           └── tokio-tungstenite v0.24.0 (*)
      ├── tokio-macros v2.7.1
      │   └── tokio v1.53.0
      │       ├── axum v0.7.9 (*)
      │       ├── delonix-cri v3.1.0 (*)
      │       ├── delonix-mcp v3.1.0 (*)
      │       ├── delonix-mgmt v0.1.0 (*)
      │       ├── delonix-runtime-bin v3.1.0 (*)
      │       ├── h2 v0.4.16
      │       │   ├── hyper v1.10.1
      │       │   │   ├── axum v0.7.9 (*)
      │       │   │   ├── delonix-cri v3.1.0 (*)
      │       │   │   ├── delonix-mgmt v0.1.0 (*)
      │       │   │   ├── delonix-runtime-bin v3.1.0 (*)
      │       │   │   ├── hyper-rustls v0.27.9 (*)
      │       │   │   ├── hyper-timeout v0.5.2 (*)
      │       │   │   ├── hyper-util v0.1.20 (*)
      │       │   │   ├── reqwest v0.12.28 (*)
      │       │   │   ├── reqwest v0.13.4 (*)
      │       │   │   └── tonic v0.12.3 (*)
      │       │   └── tonic v0.12.3 (*)
      │       ├── hyper v1.10.1 (*)
      │       ├── hyper-rustls v0.27.9 (*)
      │       ├── hyper-timeout v0.5.2 (*)
      │       ├── hyper-util v0.1.20 (*)
      │       ├── reqwest v0.12.28 (*)
      │       ├── reqwest v0.13.4 (*)
      │       ├── rmcp v3.1.4 (*)
      │       ├── tokio-rustls v0.26.4
      │       │   ├── delonix-runtime-bin v3.1.0 (*)
      │       │   ├── hyper-rustls v0.27.9 (*)
      │       │   └── reqwest v0.12.28 (*)
      │       ├── tokio-stream v0.1.18
      │       │   ├── delonix-cri v3.1.0 (*)
      │       │   └── tonic v0.12.3 (*)
      │       ├── tokio-tungstenite v0.24.0 (*)
      │       ├── tokio-util v0.7.18
      │       │   ├── h2 v0.4.16 (*)
      │       │   ├── rmcp v3.1.4 (*)
      │       │   └── tower v0.4.13 (*)
      │       ├── tonic v0.12.3 (*)
      │       ├── tower v0.4.13 (*)
      │       └── tower v0.5.3 (*)
      ├── tonic-build v0.12.3 (*)
      ├── tracing-attributes v0.1.31
      │   └── tracing v0.1.44
      │       ├── axum v0.7.9 (*)
      │       ├── axum-core v0.4.5 (*)
      │       ├── delonix-cri v3.1.0 (*)
      │       ├── delonix-image v3.1.0 (*)
      │       ├── delonix-net v3.1.0 (*)
      │       ├── delonix-proxmox v3.1.0 (*)
      │       ├── delonix-runtime-core v3.1.0 (*)
      │       ├── delonix-vm v3.1.0 (*)
      │       ├── h2 v0.4.16 (*)
      │       ├── hyper-util v0.1.20 (*)
      │       ├── opentelemetry v0.32.0 (*)
      │       ├── rmcp v3.1.4 (*)
      │       ├── tonic v0.12.3 (*)
      │       ├── tower v0.4.13 (*)
      │       ├── tower v0.5.3 (*)
      │       ├── tracing-opentelemetry v0.33.0 (*)
      │       └── tracing-subscriber v0.3.23
      │           ├── delonix-runtime-core v3.1.0 (*)
      │           └── tracing-opentelemetry v0.33.0 (*)
      ├── wasm-bindgen-macro-support v0.2.126
      │   └── wasm-bindgen-macro v0.2.126
      │       └── wasm-bindgen v0.2.126
      │           ├── iana-time-zone v0.1.65 (*)
      │           ├── js-sys v0.3.103 (*)
      │           ├── plotters v0.3.7 (*)
      │           ├── reqwest v0.12.28 (*)
      │           ├── reqwest v0.13.4 (*)
      │           ├── wasm-bindgen-futures v0.4.76 (*)
      │           ├── web-sys v0.3.103 (*)
      │           └── web-time v1.1.0 (*)
      ├── windows-implement v0.60.2
      │   └── windows-core v0.62.2
      │       └── iana-time-zone v0.1.65 (*)
      ├── windows-interface v0.59.3
      │   └── windows-core v0.62.2 (*)
      ├── yoke-derive v0.8.2 (*)
      ├── zerocopy-derive v0.8.54
      │   └── zerocopy v0.8.54
      │       ├── half v2.7.1
      │       │   └── ciborium-ll v0.2.2
      │       │       └── ciborium v0.2.2
      │       │           └── criterion v0.5.1 (*)
      │       └── ppv-lite86 v0.2.21
      │           ├── rand_chacha v0.3.1
      │           │   └── rand v0.8.7
      │           │       ├── tower v0.4.13 (*)
      │           │       └── tungstenite v0.24.0 (*)
      │           └── rand_chacha v0.9.0
      │               ├── proptest v1.11.0
      │               │   ├── (dev) delonix-image v3.1.0 (*)
      │               │   └── (dev) delonix-net v3.1.0 (*)
      │               └── rand v0.9.5
      │                   ├── opentelemetry_sdk v0.32.1 (*)
      │                   └── proptest v1.11.0 (*)
      ├── zerofrom-derive v0.1.7 (*)
      └── zerovec-derive v0.11.3
          └── zerovec v0.11.6 (*)
    ├ syn v3.0.0
      ├── async-trait v0.1.91
      │   ├── axum v0.7.9
      │   │   ├── delonix-cri v3.1.0
      │   │   │   └── delonix-runtime-bin v3.1.0
      │   │   ├── delonix-mgmt v0.1.0
      │   │   │   ├── delonix-mcp v3.1.0
      │   │   │   │   └── delonix-runtime-bin v3.1.0 (*)
      │   │   │   └── delonix-runtime-bin v3.1.0 (*)
      │   │   └── tonic v0.12.3
      │   │       └── delonix-cri v3.1.0 (*)
      │   ├── axum-core v0.4.5
      │   │   └── axum v0.7.9 (*)
      │   ├── opentelemetry-http v0.32.0
      │   │   └── opentelemetry-otlp v0.32.0
      │   │       └── delonix-runtime-core v3.1.0
      │   │           ├── delonix-cri v3.1.0 (*)
      │   │           ├── delonix-image v3.1.0
      │   │           │   ├── delonix-cri v3.1.0 (*)
      │   │           │   ├── delonix-mgmt v0.1.0 (*)
      │   │           │   ├── delonix-runtime-bin v3.1.0 (*)
      │   │           │   └── delonix-scan v3.1.0
      │   │           │       ├── delonix-mgmt v0.1.0 (*)
      │   │           │       └── delonix-runtime-bin v3.1.0 (*)
      │   │           ├── delonix-mcp v3.1.0 (*)
      │   │           ├── delonix-mgmt v0.1.0 (*)
      │   │           ├── delonix-net v3.1.0
      │   │           │   ├── delonix-cri v3.1.0 (*)
      │   │           │   ├── delonix-mcp v3.1.0 (*)
      │   │           │   ├── delonix-mgmt v0.1.0 (*)
      │   │           │   ├── delonix-runtime-bin v3.1.0 (*)
      │   │           │   └── delonix-vm v3.1.0
      │   │           │       ├── delonix-mcp v3.1.0 (*)
      │   │           │       ├── delonix-mgmt v0.1.0 (*)
      │   │           │       ├── delonix-proxmox v3.1.0
      │   │           │       │   └── delonix-runtime-bin v3.1.0 (*)
      │   │           │       └── delonix-runtime-bin v3.1.0 (*)
      │   │           ├── delonix-proxmox v3.1.0 (*)
      │   │           ├── delonix-runtime v3.1.0
      │   │           │   ├── delonix-cri v3.1.0 (*)
      │   │           │   ├── delonix-mcp v3.1.0 (*)
      │   │           │   ├── delonix-mgmt v0.1.0 (*)
      │   │           │   └── delonix-runtime-bin v3.1.0 (*)
      │   │           ├── delonix-runtime-bin v3.1.0 (*)
      │   │           ├── delonix-scan v3.1.0 (*)
      │   │           ├── delonix-security-runtime v3.1.0
      │   │           │   └── delonix-runtime-bin v3.1.0 (*)
      │   │           ├── delonix-truenas v3.1.0
      │   │           │   └── delonix-runtime-bin v3.1.0 (*)
      │   │           ├── delonix-vm v3.1.0 (*)
      │   │           └── delonix-volume v3.1.0
      │   │               ├── delonix-mcp v3.1.0 (*)
      │   │               ├── delonix-mgmt v0.1.0 (*)
      │   │               └── delonix-runtime-bin v3.1.0 (*)
      │   └── tonic v0.12.3 (*)
      ├── darling_core v0.24.1
      │   ├── darling v0.24.1
      │   │   └── rmcp-macros v3.1.4
      │   │       └── rmcp v3.1.4
      │   │           └── delonix-mcp v3.1.0 (*)
      │   └── darling_macro v0.24.1
      │       └── darling v0.24.1 (*)
      ├── darling_macro v0.24.1 (*)
      ├── ref-cast-impl v1.0.26
      │   └── ref-cast v1.0.26
      │       └── schemars v1.2.2
      │           ├── delonix-mcp v3.1.0 (*)
      │           ├── delonix-runtime-bin v3.1.0 (*)
      │           └── rmcp v3.1.4 (*)
      ├── rmcp-macros v3.1.4 (*)
      ├── schemars_derive v1.2.2
      │   └── schemars v1.2.2 (*)
      ├── serde_derive v1.0.229
      │   ├── criterion v0.5.1
      │   │   └── (dev) delonix-image v3.1.0 (*)
      │   └── serde v1.0.229
      │       ├── axum v0.7.9 (*)
      │       ├── chrono v0.4.45
      │       │   ├── rmcp v3.1.4 (*)
      │       │   └── schemars v1.2.2 (*)
      │       ├── ciborium v0.2.2
      │       │   └── criterion v0.5.1 (*)
      │       ├── criterion v0.5.1 (*)
      │       ├── delonix-cri v3.1.0 (*)
      │       ├── delonix-image v3.1.0 (*)
      │       ├── delonix-mcp v3.1.0 (*)
      │       ├── delonix-mgmt v0.1.0 (*)
      │       ├── delonix-net v3.1.0 (*)
      │       ├── delonix-proxmox v3.1.0 (*)
      │       ├── delonix-runtime-bin v3.1.0 (*)
      │       ├── delonix-runtime-core v3.1.0 (*)
      │       ├── delonix-scan v3.1.0 (*)
      │       ├── delonix-security-runtime v3.1.0 (*)
      │       ├── delonix-truenas v3.1.0 (*)
      │       ├── delonix-volume v3.1.0 (*)
      │       ├── oci-spec v0.10.0
      │       │   ├── delonix-image v3.1.0 (*)
      │       │   └── delonix-runtime-bin v3.1.0 (*)
      │       ├── reqwest v0.12.28
      │       │   ├── delonix-image v3.1.0 (*)
      │       │   ├── delonix-proxmox v3.1.0 (*)
      │       │   ├── delonix-runtime-bin v3.1.0 (*)
      │       │   └── delonix-truenas v3.1.0 (*)
      │       ├── rmcp v3.1.4 (*)
      │       ├── schemars v1.2.2 (*)
      │       ├── serde_urlencoded v0.7.1
      │       │   ├── axum v0.7.9 (*)
      │       │   └── reqwest v0.12.28 (*)
      │       ├── serde_yaml v0.9.34+deprecated
      │       │   └── delonix-runtime-bin v3.1.0 (*)
      │       ├── tinytemplate v1.2.1
      │       │   └── criterion v0.5.1 (*)
      │       ├── tracing-serde v0.2.0
      │       │   └── tracing-subscriber v0.3.23
      │       │       ├── delonix-runtime-core v3.1.0 (*)
      │       │       └── tracing-opentelemetry v0.33.0
      │       │           └── delonix-runtime-core v3.1.0 (*)
      │       └── tracing-subscriber v0.3.23 (*)
      ├── serde_derive_internals v0.30.0
      │   └── schemars_derive v1.2.2 (*)
      └── thiserror-impl v2.0.19
          └── thiserror v2.0.19
              ├── delonix-runtime-core v3.1.0 (*)
              ├── oci-spec v0.10.0 (*)
              ├── opentelemetry v0.32.0
              │   ├── delonix-runtime-core v3.1.0 (*)
              │   ├── opentelemetry-http v0.32.0 (*)
              │   ├── opentelemetry-otlp v0.32.0 (*)
              │   ├── opentelemetry-proto v0.32.0
              │   │   └── opentelemetry-otlp v0.32.0 (*)
              │   ├── opentelemetry_sdk v0.32.1
              │   │   ├── delonix-runtime-core v3.1.0 (*)
              │   │   ├── opentelemetry-otlp v0.32.0 (*)
              │   │   └── opentelemetry-proto v0.32.0 (*)
              │   └── tracing-opentelemetry v0.33.0 (*)
              ├── opentelemetry-otlp v0.32.0 (*)
              ├── opentelemetry_sdk v0.32.1 (*)
              └── rmcp v3.1.4 (*)

warning[duplicate]: found 2 duplicate entries for crate 'thiserror'
    ┌─ /tmp/wt-prodready/Cargo.lock:297:1
    │  
297 │ ╭ thiserror 1.0.69 registry+https://github.com/rust-lang/crates.io-index
298 │ │ thiserror 2.0.19 registry+https://github.com/rust-lang/crates.io-index
    │ ╰──────────────────────────────────────────────────────────────────────┘ lock entries
    │  
    ├ thiserror v1.0.69
      └── tungstenite v0.24.0
          └── tokio-tungstenite v0.24.0
              └── axum v0.7.9
                  ├── delonix-cri v3.1.0
                  │   └── delonix-runtime-bin v3.1.0
                  ├── delonix-mgmt v0.1.0
                  │   ├── delonix-mcp v3.1.0
                  │   │   └── delonix-runtime-bin v3.1.0 (*)
                  │   └── delonix-runtime-bin v3.1.0 (*)
                  └── tonic v0.12.3
                      └── delonix-cri v3.1.0 (*)
    ├ thiserror v2.0.19
      ├── delonix-runtime-core v3.1.0
      │   ├── delonix-cri v3.1.0
      │   │   └── delonix-runtime-bin v3.1.0
      │   ├── delonix-image v3.1.0
      │   │   ├── delonix-cri v3.1.0 (*)
      │   │   ├── delonix-mgmt v0.1.0
      │   │   │   ├── delonix-mcp v3.1.0
      │   │   │   │   └── delonix-runtime-bin v3.1.0 (*)
      │   │   │   └── delonix-runtime-bin v3.1.0 (*)
      │   │   ├── delonix-runtime-bin v3.1.0 (*)
      │   │   └── delonix-scan v3.1.0
      │   │       ├── delonix-mgmt v0.1.0 (*)
      │   │       └── delonix-runtime-bin v3.1.0 (*)
      │   ├── delonix-mcp v3.1.0 (*)
      │   ├── delonix-mgmt v0.1.0 (*)
      │   ├── delonix-net v3.1.0
      │   │   ├── delonix-cri v3.1.0 (*)
      │   │   ├── delonix-mcp v3.1.0 (*)
      │   │   ├── delonix-mgmt v0.1.0 (*)
      │   │   ├── delonix-runtime-bin v3.1.0 (*)
      │   │   └── delonix-vm v3.1.0
      │   │       ├── delonix-mcp v3.1.0 (*)
      │   │       ├── delonix-mgmt v0.1.0 (*)
      │   │       ├── delonix-proxmox v3.1.0
      │   │       │   └── delonix-runtime-bin v3.1.0 (*)
      │   │       └── delonix-runtime-bin v3.1.0 (*)
      │   ├── delonix-proxmox v3.1.0 (*)
      │   ├── delonix-runtime v3.1.0
      │   │   ├── delonix-cri v3.1.0 (*)
      │   │   ├── delonix-mcp v3.1.0 (*)
      │   │   ├── delonix-mgmt v0.1.0 (*)
      │   │   └── delonix-runtime-bin v3.1.0 (*)
      │   ├── delonix-runtime-bin v3.1.0 (*)
      │   ├── delonix-scan v3.1.0 (*)
      │   ├── delonix-security-runtime v3.1.0
      │   │   └── delonix-runtime-bin v3.1.0 (*)
      │   ├── delonix-truenas v3.1.0
      │   │   └── delonix-runtime-bin v3.1.0 (*)
      │   ├── delonix-vm v3.1.0 (*)
      │   └── delonix-volume v3.1.0
      │       ├── delonix-mcp v3.1.0 (*)
      │       ├── delonix-mgmt v0.1.0 (*)
      │       └── delonix-runtime-bin v3.1.0 (*)
      ├── oci-spec v0.10.0
      │   ├── delonix-image v3.1.0 (*)
      │   └── delonix-runtime-bin v3.1.0 (*)
      ├── opentelemetry v0.32.0
      │   ├── delonix-runtime-core v3.1.0 (*)
      │   ├── opentelemetry-http v0.32.0
      │   │   └── opentelemetry-otlp v0.32.0
      │   │       └── delonix-runtime-core v3.1.0 (*)
      │   ├── opentelemetry-otlp v0.32.0 (*)
      │   ├── opentelemetry-proto v0.32.0
      │   │   └── opentelemetry-otlp v0.32.0 (*)
      │   ├── opentelemetry_sdk v0.32.1
      │   │   ├── delonix-runtime-core v3.1.0 (*)
      │   │   ├── opentelemetry-otlp v0.32.0 (*)
      │   │   └── opentelemetry-proto v0.32.0 (*)
      │   └── tracing-opentelemetry v0.33.0
      │       └── delonix-runtime-core v3.1.0 (*)
      ├── opentelemetry-otlp v0.32.0 (*)
      ├── opentelemetry_sdk v0.32.1 (*)
      └── rmcp v3.1.4
          └── delonix-mcp v3.1.0 (*)

warning[duplicate]: found 2 duplicate entries for crate 'thiserror-impl'
    ┌─ /tmp/wt-prodready/Cargo.lock:299:1
    │  
299 │ ╭ thiserror-impl 1.0.69 registry+https://github.com/rust-lang/crates.io-index
300 │ │ thiserror-impl 2.0.19 registry+https://github.com/rust-lang/crates.io-index
    │ ╰───────────────────────────────────────────────────────────────────────────┘ lock entries
    │  
    ├ thiserror-impl v1.0.69
      └── thiserror v1.0.69
          └── tungstenite v0.24.0
              └── tokio-tungstenite v0.24.0
                  └── axum v0.7.9
                      ├── delonix-cri v3.1.0
                      │   └── delonix-runtime-bin v3.1.0
                      ├── delonix-mgmt v0.1.0
                      │   ├── delonix-mcp v3.1.0
                      │   │   └── delonix-runtime-bin v3.1.0 (*)
                      │   └── delonix-runtime-bin v3.1.0 (*)
                      └── tonic v0.12.3
                          └── delonix-cri v3.1.0 (*)
    ├ thiserror-impl v2.0.19
      └── thiserror v2.0.19
          ├── delonix-runtime-core v3.1.0
          │   ├── delonix-cri v3.1.0
          │   │   └── delonix-runtime-bin v3.1.0
          │   ├── delonix-image v3.1.0
          │   │   ├── delonix-cri v3.1.0 (*)
          │   │   ├── delonix-mgmt v0.1.0
          │   │   │   ├── delonix-mcp v3.1.0
          │   │   │   │   └── delonix-runtime-bin v3.1.0 (*)
          │   │   │   └── delonix-runtime-bin v3.1.0 (*)
          │   │   ├── delonix-runtime-bin v3.1.0 (*)
          │   │   └── delonix-scan v3.1.0
          │   │       ├── delonix-mgmt v0.1.0 (*)
          │   │       └── delonix-runtime-bin v3.1.0 (*)
          │   ├── delonix-mcp v3.1.0 (*)
          │   ├── delonix-mgmt v0.1.0 (*)
          │   ├── delonix-net v3.1.0
          │   │   ├── delonix-cri v3.1.0 (*)
          │   │   ├── delonix-mcp v3.1.0 (*)
          │   │   ├── delonix-mgmt v0.1.0 (*)
          │   │   ├── delonix-runtime-bin v3.1.0 (*)
          │   │   └── delonix-vm v3.1.0
          │   │       ├── delonix-mcp v3.1.0 (*)
          │   │       ├── delonix-mgmt v0.1.0 (*)
          │   │       ├── delonix-proxmox v3.1.0
          │   │       │   └── delonix-runtime-bin v3.1.0 (*)
          │   │       └── delonix-runtime-bin v3.1.0 (*)
          │   ├── delonix-proxmox v3.1.0 (*)
          │   ├── delonix-runtime v3.1.0
          │   │   ├── delonix-cri v3.1.0 (*)
          │   │   ├── delonix-mcp v3.1.0 (*)
          │   │   ├── delonix-mgmt v0.1.0 (*)
          │   │   └── delonix-runtime-bin v3.1.0 (*)
          │   ├── delonix-runtime-bin v3.1.0 (*)
          │   ├── delonix-scan v3.1.0 (*)
          │   ├── delonix-security-runtime v3.1.0
          │   │   └── delonix-runtime-bin v3.1.0 (*)
          │   ├── delonix-truenas v3.1.0
          │   │   └── delonix-runtime-bin v3.1.0 (*)
          │   ├── delonix-vm v3.1.0 (*)
          │   └── delonix-volume v3.1.0
          │       ├── delonix-mcp v3.1.0 (*)
          │       ├── delonix-mgmt v0.1.0 (*)
          │       └── delonix-runtime-bin v3.1.0 (*)
          ├── oci-spec v0.10.0
          │   ├── delonix-image v3.1.0 (*)
          │   └── delonix-runtime-bin v3.1.0 (*)
          ├── opentelemetry v0.32.0
          │   ├── delonix-runtime-core v3.1.0 (*)
          │   ├── opentelemetry-http v0.32.0
          │   │   └── opentelemetry-otlp v0.32.0
          │   │       └── delonix-runtime-core v3.1.0 (*)
          │   ├── opentelemetry-otlp v0.32.0 (*)
          │   ├── opentelemetry-proto v0.32.0
          │   │   └── opentelemetry-otlp v0.32.0 (*)
          │   ├── opentelemetry_sdk v0.32.1
          │   │   ├── delonix-runtime-core v3.1.0 (*)
          │   │   ├── opentelemetry-otlp v0.32.0 (*)
          │   │   └── opentelemetry-proto v0.32.0 (*)
          │   └── tracing-opentelemetry v0.33.0
          │       └── delonix-runtime-core v3.1.0 (*)
          ├── opentelemetry-otlp v0.32.0 (*)
          ├── opentelemetry_sdk v0.32.1 (*)
          └── rmcp v3.1.4
              └── delonix-mcp v3.1.0 (*)

warning[duplicate]: found 2 duplicate entries for crate 'tower'
    ┌─ /tmp/wt-prodready/Cargo.lock:314:1
    │  
314 │ ╭ tower 0.4.13 registry+https://github.com/rust-lang/crates.io-index
315 │ │ tower 0.5.3 registry+https://github.com/rust-lang/crates.io-index
    │ ╰─────────────────────────────────────────────────────────────────┘ lock entries
    │  
    ├ tower v0.4.13
      └── tonic v0.12.3
          └── delonix-cri v3.1.0
              └── delonix-runtime-bin v3.1.0
    ├ tower v0.5.3
      ├── axum v0.7.9
      │   ├── delonix-cri v3.1.0
      │   │   └── delonix-runtime-bin v3.1.0
      │   ├── delonix-mgmt v0.1.0
      │   │   ├── delonix-mcp v3.1.0
      │   │   │   └── delonix-runtime-bin v3.1.0 (*)
      │   │   └── delonix-runtime-bin v3.1.0 (*)
      │   └── tonic v0.12.3
      │       └── delonix-cri v3.1.0 (*)
      ├── (dev) delonix-cri v3.1.0 (*)
      ├── (dev) delonix-mgmt v0.1.0 (*)
      ├── reqwest v0.12.28
      │   ├── delonix-image v3.1.0
      │   │   ├── delonix-cri v3.1.0 (*)
      │   │   ├── delonix-mgmt v0.1.0 (*)
      │   │   ├── delonix-runtime-bin v3.1.0 (*)
      │   │   └── delonix-scan v3.1.0
      │   │       ├── delonix-mgmt v0.1.0 (*)
      │   │       └── delonix-runtime-bin v3.1.0 (*)
      │   ├── delonix-proxmox v3.1.0
      │   │   └── delonix-runtime-bin v3.1.0 (*)
      │   ├── delonix-runtime-bin v3.1.0 (*)
      │   └── delonix-truenas v3.1.0
      │       └── delonix-runtime-bin v3.1.0 (*)
      ├── reqwest v0.13.4
      │   ├── opentelemetry-http v0.32.0
      │   │   └── opentelemetry-otlp v0.32.0
      │   │       └── delonix-runtime-core v3.1.0
      │   │           ├── delonix-cri v3.1.0 (*)
      │   │           ├── delonix-image v3.1.0 (*)
      │   │           ├── delonix-mcp v3.1.0 (*)
      │   │           ├── delonix-mgmt v0.1.0 (*)
      │   │           ├── delonix-net v3.1.0
      │   │           │   ├── delonix-cri v3.1.0 (*)
      │   │           │   ├── delonix-mcp v3.1.0 (*)
      │   │           │   ├── delonix-mgmt v0.1.0 (*)
      │   │           │   ├── delonix-runtime-bin v3.1.0 (*)
      │   │           │   └── delonix-vm v3.1.0
      │   │           │       ├── delonix-mcp v3.1.0 (*)
      │   │           │       ├── delonix-mgmt v0.1.0 (*)
      │   │           │       ├── delonix-proxmox v3.1.0 (*)
      │   │           │       └── delonix-runtime-bin v3.1.0 (*)
      │   │           ├── delonix-proxmox v3.1.0 (*)
      │   │           ├── delonix-runtime v3.1.0
      │   │           │   ├── delonix-cri v3.1.0 (*)
      │   │           │   ├── delonix-mcp v3.1.0 (*)
      │   │           │   ├── delonix-mgmt v0.1.0 (*)
      │   │           │   └── delonix-runtime-bin v3.1.0 (*)
      │   │           ├── delonix-runtime-bin v3.1.0 (*)
      │   │           ├── delonix-scan v3.1.0 (*)
      │   │           ├── delonix-security-runtime v3.1.0
      │   │           │   └── delonix-runtime-bin v3.1.0 (*)
      │   │           ├── delonix-truenas v3.1.0 (*)
      │   │           ├── delonix-vm v3.1.0 (*)
      │   │           └── delonix-volume v3.1.0
      │   │               ├── delonix-mcp v3.1.0 (*)
      │   │               ├── delonix-mgmt v0.1.0 (*)
      │   │               └── delonix-runtime-bin v3.1.0 (*)
      │   └── opentelemetry-otlp v0.32.0 (*)
      └── tower-http v0.6.11
          ├── reqwest v0.12.28 (*)
          └── reqwest v0.13.4 (*)

warning[duplicate]: found 2 duplicate entries for crate 'unicode-width'
    ┌─ /tmp/wt-prodready/Cargo.lock:333:1
    │  
333 │ ╭ unicode-width 0.1.14 registry+https://github.com/rust-lang/crates.io-index
334 │ │ unicode-width 0.2.0 registry+https://github.com/rust-lang/crates.io-index
    │ ╰─────────────────────────────────────────────────────────────────────────┘ lock entries
    │  
    ├ unicode-width v0.1.14
      └── unicode-truncate v1.1.0
          └── ratatui v0.29.0
              └── delonix-runtime-bin v3.1.0
    ├ unicode-width v0.2.0
      └── ratatui v0.29.0
          └── delonix-runtime-bin v3.1.0

warning[duplicate]: found 3 duplicate entries for crate 'windows-sys'
    ┌─ /tmp/wt-prodready/Cargo.lock:368:1
    │  
368 │ ╭ windows-sys 0.52.0 registry+https://github.com/rust-lang/crates.io-index
369 │ │ windows-sys 0.59.0 registry+https://github.com/rust-lang/crates.io-index
370 │ │ windows-sys 0.61.2 registry+https://github.com/rust-lang/crates.io-index
    │ ╰────────────────────────────────────────────────────────────────────────┘ lock entries
    │  
    ├ windows-sys v0.52.0
      ├── ring v0.17.14
      │   ├── delonix-image v3.1.0
      │   │   ├── delonix-cri v3.1.0
      │   │   │   └── delonix-runtime-bin v3.1.0
      │   │   ├── delonix-mgmt v0.1.0
      │   │   │   ├── delonix-mcp v3.1.0
      │   │   │   │   └── delonix-runtime-bin v3.1.0 (*)
      │   │   │   └── delonix-runtime-bin v3.1.0 (*)
      │   │   ├── delonix-runtime-bin v3.1.0 (*)
      │   │   └── delonix-scan v3.1.0
      │   │       ├── delonix-mgmt v0.1.0 (*)
      │   │       └── delonix-runtime-bin v3.1.0 (*)
      │   ├── rcgen v0.13.2
      │   │   └── delonix-runtime-bin v3.1.0 (*)
      │   ├── rustls v0.23.45
      │   │   ├── hyper-rustls v0.27.9
      │   │   │   └── reqwest v0.12.28
      │   │   │       ├── delonix-image v3.1.0 (*)
      │   │   │       ├── delonix-proxmox v3.1.0
      │   │   │       │   └── delonix-runtime-bin v3.1.0 (*)
      │   │   │       ├── delonix-runtime-bin v3.1.0 (*)
      │   │   │       └── delonix-truenas v3.1.0
      │   │   │           └── delonix-runtime-bin v3.1.0 (*)
      │   │   ├── reqwest v0.12.28 (*)
      │   │   └── tokio-rustls v0.26.4
      │   │       ├── delonix-runtime-bin v3.1.0 (*)
      │   │       ├── hyper-rustls v0.27.9 (*)
      │   │       └── reqwest v0.12.28 (*)
      │   └── rustls-webpki v0.103.15
      │       └── rustls v0.23.45 (*)
      └── socket2 v0.5.10
          └── tonic v0.12.3
              └── delonix-cri v3.1.0 (*)
    ├ windows-sys v0.59.0
      └── rustix v0.38.44
          └── crossterm v0.28.1
              └── ratatui v0.29.0
                  └── delonix-runtime-bin v3.1.0
    ├ windows-sys v0.61.2
      ├── anstyle-query v1.1.5
      │   └── anstream v1.0.0
      │       └── clap_builder v4.6.2
      │           └── clap v4.6.2
      │               ├── clap_complete v4.6.7
      │               │   └── delonix-runtime-bin v3.1.0
      │               ├── criterion v0.5.1
      │               │   └── (dev) delonix-image v3.1.0
      │               │       ├── delonix-cri v3.1.0
      │               │       │   └── delonix-runtime-bin v3.1.0 (*)
      │               │       ├── delonix-mgmt v0.1.0
      │               │       │   ├── delonix-mcp v3.1.0
      │               │       │   │   └── delonix-runtime-bin v3.1.0 (*)
      │               │       │   └── delonix-runtime-bin v3.1.0 (*)
      │               │       ├── delonix-runtime-bin v3.1.0 (*)
      │               │       └── delonix-scan v3.1.0
      │               │           ├── delonix-mgmt v0.1.0 (*)
      │               │           └── delonix-runtime-bin v3.1.0 (*)
      │               └── delonix-runtime-bin v3.1.0 (*)
      ├── anstyle-wincon v3.0.11
      │   └── anstream v1.0.0 (*)
      ├── errno v0.3.14
      │   ├── rustix v0.38.44
      │   │   └── crossterm v0.28.1
      │   │       └── ratatui v0.29.0
      │   │           └── delonix-runtime-bin v3.1.0 (*)
      │   ├── rustix v1.1.4
      │   │   ├── delonix-runtime v3.1.0
      │   │   │   ├── delonix-cri v3.1.0 (*)
      │   │   │   ├── delonix-mcp v3.1.0 (*)
      │   │   │   ├── delonix-mgmt v0.1.0 (*)
      │   │   │   └── delonix-runtime-bin v3.1.0 (*)
      │   │   ├── tempfile v3.27.0
      │   │   │   ├── (dev) delonix-mcp v3.1.0 (*)
      │   │   │   ├── (dev) delonix-mgmt v0.1.0 (*)
      │   │   │   ├── proptest v1.11.0
      │   │   │   │   ├── (dev) delonix-image v3.1.0 (*)
      │   │   │   │   └── (dev) delonix-net v3.1.0
      │   │   │   │       ├── delonix-cri v3.1.0 (*)
      │   │   │   │       ├── delonix-mcp v3.1.0 (*)
      │   │   │   │       ├── delonix-mgmt v0.1.0 (*)
      │   │   │   │       ├── delonix-runtime-bin v3.1.0 (*)
      │   │   │   │       └── delonix-vm v3.1.0
      │   │   │   │           ├── delonix-mcp v3.1.0 (*)
      │   │   │   │           ├── delonix-mgmt v0.1.0 (*)
      │   │   │   │           ├── delonix-proxmox v3.1.0
      │   │   │   │           │   └── delonix-runtime-bin v3.1.0 (*)
      │   │   │   │           └── delonix-runtime-bin v3.1.0 (*)
      │   │   │   ├── prost-build v0.13.5
      │   │   │   │   └── tonic-build v0.12.3
      │   │   │   │       └── (build) delonix-cri v3.1.0 (*)
      │   │   │   └── rusty-fork v0.3.1
      │   │   │       └── proptest v1.11.0 (*)
      │   │   └── xattr v1.6.1
      │   │       └── tar v0.4.46
      │   │           ├── delonix-image v3.1.0 (*)
      │   │           ├── delonix-runtime-bin v3.1.0 (*)
      │   │           └── delonix-scan v3.1.0 (*)
      │   └── signal-hook-registry v1.4.8
      │       ├── signal-hook v0.3.18
      │       │   ├── crossterm v0.28.1 (*)
      │       │   └── signal-hook-mio v0.2.5
      │       │       └── crossterm v0.28.1 (*)
      │       └── tokio v1.53.0
      │           ├── axum v0.7.9
      │           │   ├── delonix-cri v3.1.0 (*)
      │           │   ├── delonix-mgmt v0.1.0 (*)
      │           │   └── tonic v0.12.3
      │           │       └── delonix-cri v3.1.0 (*)
      │           ├── delonix-cri v3.1.0 (*)
      │           ├── delonix-mcp v3.1.0 (*)
      │           ├── delonix-mgmt v0.1.0 (*)
      │           ├── delonix-runtime-bin v3.1.0 (*)
      │           ├── h2 v0.4.16
      │           │   ├── hyper v1.10.1
      │           │   │   ├── axum v0.7.9 (*)
      │           │   │   ├── delonix-cri v3.1.0 (*)
      │           │   │   ├── delonix-mgmt v0.1.0 (*)
      │           │   │   ├── delonix-runtime-bin v3.1.0 (*)
      │           │   │   ├── hyper-rustls v0.27.9
      │           │   │   │   └── reqwest v0.12.28
      │           │   │   │       ├── delonix-image v3.1.0 (*)
      │           │   │   │       ├── delonix-proxmox v3.1.0 (*)
      │           │   │   │       ├── delonix-runtime-bin v3.1.0 (*)
      │           │   │   │       └── delonix-truenas v3.1.0
      │           │   │   │           └── delonix-runtime-bin v3.1.0 (*)
      │           │   │   ├── hyper-timeout v0.5.2
      │           │   │   │   └── tonic v0.12.3 (*)
      │           │   │   ├── hyper-util v0.1.20
      │           │   │   │   ├── axum v0.7.9 (*)
      │           │   │   │   ├── (dev) delonix-cri v3.1.0 (*)
      │           │   │   │   ├── delonix-mgmt v0.1.0 (*)
      │           │   │   │   ├── delonix-runtime-bin v3.1.0 (*)
      │           │   │   │   ├── hyper-rustls v0.27.9 (*)
      │           │   │   │   ├── hyper-timeout v0.5.2 (*)
      │           │   │   │   ├── reqwest v0.12.28 (*)
      │           │   │   │   ├── reqwest v0.13.4
      │           │   │   │   │   ├── opentelemetry-http v0.32.0
      │           │   │   │   │   │   └── opentelemetry-otlp v0.32.0
      │           │   │   │   │   │       └── delonix-runtime-core v3.1.0
      │           │   │   │   │   │           ├── delonix-cri v3.1.0 (*)
      │           │   │   │   │   │           ├── delonix-image v3.1.0 (*)
      │           │   │   │   │   │           ├── delonix-mcp v3.1.0 (*)
      │           │   │   │   │   │           ├── delonix-mgmt v0.1.0 (*)
      │           │   │   │   │   │           ├── delonix-net v3.1.0 (*)
      │           │   │   │   │   │           ├── delonix-proxmox v3.1.0 (*)
      │           │   │   │   │   │           ├── delonix-runtime v3.1.0 (*)
      │           │   │   │   │   │           ├── delonix-runtime-bin v3.1.0 (*)
      │           │   │   │   │   │           ├── delonix-scan v3.1.0 (*)
      │           │   │   │   │   │           ├── delonix-security-runtime v3.1.0
      │           │   │   │   │   │           │   └── delonix-runtime-bin v3.1.0 (*)
      │           │   │   │   │   │           ├── delonix-truenas v3.1.0 (*)
      │           │   │   │   │   │           ├── delonix-vm v3.1.0 (*)
      │           │   │   │   │   │           └── delonix-volume v3.1.0
      │           │   │   │   │   │               ├── delonix-mcp v3.1.0 (*)
      │           │   │   │   │   │               ├── delonix-mgmt v0.1.0 (*)
      │           │   │   │   │   │               └── delonix-runtime-bin v3.1.0 (*)
      │           │   │   │   │   └── opentelemetry-otlp v0.32.0 (*)
      │           │   │   │   └── tonic v0.12.3 (*)
      │           │   │   ├── reqwest v0.12.28 (*)
      │           │   │   ├── reqwest v0.13.4 (*)
      │           │   │   └── tonic v0.12.3 (*)
      │           │   └── tonic v0.12.3 (*)
      │           ├── hyper v1.10.1 (*)
      │           ├── hyper-rustls v0.27.9 (*)
      │           ├── hyper-timeout v0.5.2 (*)
      │           ├── hyper-util v0.1.20 (*)
      │           ├── reqwest v0.12.28 (*)
      │           ├── reqwest v0.13.4 (*)
      │           ├── rmcp v3.1.4
      │           │   └── delonix-mcp v3.1.0 (*)
      │           ├── tokio-rustls v0.26.4
      │           │   ├── delonix-runtime-bin v3.1.0 (*)
      │           │   ├── hyper-rustls v0.27.9 (*)
      │           │   └── reqwest v0.12.28 (*)
      │           ├── tokio-stream v0.1.18
      │           │   ├── delonix-cri v3.1.0 (*)
      │           │   └── tonic v0.12.3 (*)
      │           ├── tokio-tungstenite v0.24.0
      │           │   └── axum v0.7.9 (*)
      │           ├── tokio-util v0.7.18
      │           │   ├── h2 v0.4.16 (*)
      │           │   ├── rmcp v3.1.4 (*)
      │           │   └── tower v0.4.13
      │           │       └── tonic v0.12.3 (*)
      │           ├── tonic v0.12.3 (*)
      │           ├── tower v0.4.13 (*)
      │           └── tower v0.5.3
      │               ├── axum v0.7.9 (*)
      │               ├── (dev) delonix-cri v3.1.0 (*)
      │               ├── (dev) delonix-mgmt v0.1.0 (*)
      │               ├── reqwest v0.12.28 (*)
      │               ├── reqwest v0.13.4 (*)
      │               └── tower-http v0.6.11
      │                   ├── reqwest v0.12.28 (*)
      │                   └── reqwest v0.13.4 (*)
      ├── is-terminal v0.4.17
      │   └── criterion v0.5.1 (*)
      ├── is_executable v1.0.6
      │   └── clap_complete v4.6.7 (*)
      ├── mio v1.2.2
      │   ├── crossterm v0.28.1 (*)
      │   ├── signal-hook-mio v0.2.5 (*)
      │   └── tokio v1.53.0 (*)
      ├── nu-ansi-term v0.50.3
      │   └── tracing-subscriber v0.3.23
      │       ├── delonix-runtime-core v3.1.0 (*)
      │       └── tracing-opentelemetry v0.33.0
      │           └── delonix-runtime-core v3.1.0 (*)
      ├── rustix v1.1.4 (*)
      ├── socket2 v0.6.5
      │   ├── hyper-util v0.1.20 (*)
      │   └── tokio v1.53.0 (*)
      ├── tempfile v3.27.0 (*)
      ├── tokio v1.53.0 (*)
      └── winapi-util v0.1.11
          ├── same-file v1.0.6
          │   └── walkdir v2.5.0
          │       └── criterion v0.5.1 (*)
          └── walkdir v2.5.0 (*)

advisories ok, bans ok, licenses ok, sources ok
